Rk,Player,Pos,Age,Tm,G,GS,MP,FG,FGA,FG%,3P,3PA,3P%,2P,2PA,2P%,eFG%,FT,FTA,FT%,ORB,DRB,TRB,AST,STL,BLK,TOV,PF,PTS
1,Precious Achiuwa,C,24,TOR,5,0,20.6,3.0,7.4,.405,0.2,1.6,.125,2.8,5.8,.483,.419,0.6,0.6,1.000,1.8,4.8,6.6,2.0,0.2,0.2,1.6,2.0,6.8
2,Bam Adebayo,C,26,MIA,10,10,34.7,8.4,16.0,.525,0.1,0.2,.500,8.3,15.8,.525,.528,6.1,7.6,.803,2.3,8.2,10.5,3.8,1.4,1.4,2.9,2.3,23.0
3,Ochai Agbaji,SG,23,UTA,11,3,17.2,1.7,4.4,.396,0.9,2.6,.345,0.8,1.7,.474,.500,0.2,0.4,.500,0.8,1.9,2.7,1.0,0.4,0.6,0.6,1.3,4.5
4,Santi Aldama,PF,23,MEM,5,0,21.0,4.6,9.6,.479,1.6,4.0,.400,3.0,5.6,.536,.563,0.8,1.8,.444,0.6,4.0,4.6,1.8,0.4,0.8,1.6,1.2,11.6
5,Nickeil Alexander-Walker,SG,25,MIN,10,2,19.6,1.8,4.7,.383,0.9,2.8,.321,0.9,1.9,.474,.479,0.2,0.6,.333,0.1,1.9,2.0,2.6,0.9,0.8,1.0,1.5,4.7
6,Grayson Allen,SG,28,PHO,10,10,31.4,4.3,9.2,.467,2.7,5.6,.482,1.6,3.6,.444,.614,0.9,0.9,1.000,1.2,4.1,5.3,2.9,0.5,0.4,1.8,2.5,12.2
7,Jarrett Allen,C,25,CLE,5,5,25.0,4.0,6.2,.645,0.0,0.0,,4.0,6.2,.645,.645,4.0,5.2,.769,3.6,3.6,7.2,1.8,0.6,0.6,1.4,2.2,12.0
8,Kyle Anderson,PF,30,MIN,10,0,25.2,3.1,5.6,.554,0.2,1.0,.200,2.9,4.6,.630,.571,1.1,1.8,.611,0.7,3.2,3.9,4.1,1.0,0.7,2.0,1.7,7.5
9,Giannis Antetokounmpo,PF,29,MIL,10,10,32.5,11.0,18.9,.582,0.6,2.4,.250,10.4,16.5,.630,.598,6.9,10.8,.639,2.3,7.3,9.6,3.6,0.9,1.3,4.3,2.9,29.5
10,Thanasis Antetokounmpo,PF,31,MIL,3,0,7.0,0.3,0.7,.500,0.0,0.0,,0.3,0.7,.500,.500,0.0,0.0,,0.0,0.0,0.0,1.3,0.3,0.3,1.3,1.3,0.7
11,Cole Anthony,PG,23,ORL,10,0,24.0,4.0,9.7,.412,1.4,4.1,.341,2.6,5.6,.464,.485,3.8,4.7,.809,0.9,3.2,4.1,2.7,0.7,0.3,2.2,2.2,13.2
12,OG Anunoby,SF,26,TOR,8,8,31.4,6.3,12.3,.510,2.8,7.0,.393,3.5,5.3,.667,.622,1.1,1.9,.600,0.6,3.4,4.0,1.8,1.3,0.6,1.6,2.3,16.4
13,Ryan Arcidiacono,PG,29,NYK,3,0,2.0,0.0,0.3,.000,0.0,0.3,.000,0.0,0.0,,.000,0.0,0.0,,0.0,0.3,0.3,0.0,0.0,0.0,0.0,0.0,0.0
14,Deni Avdija,SF,23,WAS,10,10,27.1,5.1,10.2,.500,1.1,3.0,.367,4.0,7.2,.556,.554,1.2,1.6,.750,1.5,4.5,6.0,3.9,1.1,0.3,1.7,2.3,12.5
15,Deandre Ayton,C,25,POR,10,10,32.1,6.0,10.3,.583,0.0,0.0,,6.0,10.3,.583,.583,0.5,0.5,1.000,2.9,9.1,12.0,1.4,1.6,0.9,1.8,2.9,12.5
16,Udoka Azubuike,C,24,PHO,2,0,4.5,0.5,0.5,1.000,0.0,0.0,,0.5,0.5,1.000,1.000,0.0,0.0,,0.0,2.0,2.0,0.0,0.0,0.0,0.0,0.5,1.0
17,Marvin Bagley III,C,24,DET,12,4,19.8,4.3,7.3,.591,0.1,0.4,.200,4.3,6.9,.614,.597,2.7,2.9,.914,1.8,3.5,5.3,1.3,0.0,0.6,1.5,1.8,11.4
18,Amari Bailey,PG,19,CHO,1,0,3.0,1.0,3.0,.333,0.0,0.0,,1.0,3.0,.333,.333,0.0,0.0,,2.0,0.0,2.0,0.0,0.0,0.0,0.0,0.0,2.0
19,Patrick Baldwin Jr.,SF,21,WAS,2,0,4.5,0.0,1.0,.000,0.0,0.5,.000,0.0,0.5,.000,.000,0.0,0.0,,0.0,0.0,0.0,0.5,0.0,0.0,0.0,0.0,0.0
20,LaMelo Ball,PG,22,CHO,10,10,33.5,7.7,18.4,.418,3.0,8.2,.366,4.7,10.2,.461,.500,3.8,4.5,.844,1.9,3.5,5.4,8.6,1.6,0.3,4.0,4.0,22.2
21,Mo Bamba,C,25,PHI,4,0,2.3,0.0,0.5,.000,0.0,0.0,,0.0,0.5,.000,.000,0.5,0.5,1.000,0.5,1.0,1.5,0.0,0.0,0.5,0.8,0.8,0.5
22,Paolo Banchero,PF,21,ORL,10,10,34.0,6.6,14.2,.465,1.2,3.1,.387,5.4,11.1,.486,.507,4.5,6.9,.652,1.4,5.4,6.8,5.1,1.5,0.4,3.5,2.6,18.9
23,Desmond Bane,SG,25,MEM,11,11,34.7,9.4,20.5,.456,3.4,9.5,.352,6.0,11.0,.545,.538,3.4,4.0,.841,0.6,3.8,4.5,4.5,1.5,0.9,2.6,3.0,25.5
24,Dalano Banton,PG,24,BOS,4,0,7.0,1.3,2.3,.556,0.0,0.5,.000,1.3,1.8,.714,.556,0.8,0.8,1.000,0.8,0.8,1.5,0.5,0.3,0.0,0.3,0.8,3.3
25,Dominick Barlow,PF,20,SAS,4,0,5.3,0.5,1.3,.400,0.0,0.0,,0.5,1.3,.400,.400,0.5,1.0,.500,0.0,0.5,0.5,0.0,0.0,0.0,0.0,0.3,1.5
26,Harrison Barnes,PF,31,SAC,9,9,30.1,3.8,7.9,.479,1.7,4.3,.385,2.1,3.6,.594,.585,2.0,2.6,.783,0.8,2.3,3.1,1.2,0.4,0.1,0.6,0.9,11.2
27,Scottie Barnes,SG,22,TOR,10,10,36.1,7.6,16.4,.463,1.8,5.3,.340,5.8,11.1,.523,.518,3.1,4.1,.756,2.8,6.9,9.7,5.6,1.8,1.8,2.5,2.4,20.1
28,RJ Barrett,SG,23,NYK,7,7,31.1,7.9,16.1,.487,2.9,5.7,.500,5.0,10.4,.479,.575,4.0,4.7,.848,0.6,2.9,3.4,3.1,0.6,0.3,2.1,1.1,22.6
29,Charles Bassey,C,23,SAS,11,0,12.1,1.8,2.5,.741,0.0,0.1,.000,1.8,2.4,.769,.741,0.2,0.3,.667,1.4,2.6,4.0,1.0,0.7,0.5,0.5,1.5,3.8
30,Emoni Bates,SF,20,CLE,3,0,10.0,1.0,3.0,.333,0.7,2.0,.333,0.3,1.0,.333,.444,0.3,0.7,.500,0.3,1.7,2.0,0.3,0.0,0.3,0.3,0.3,3.0
31,Keita Bates-Diop,SF,28,PHO,7,4,22.1,2.6,6.0,.429,0.9,2.6,.333,1.7,3.4,.500,.500,0.7,1.3,.556,1.3,3.0,4.3,1.3,0.6,0.9,0.1,1.0,6.7
32,Nicolas Batum,PF,35,TOT,7,1,22.4,1.9,3.3,.565,1.4,2.9,.500,0.4,0.4,1.000,.783,0.0,0.0,,0.7,2.6,3.3,1.3,0.9,1.1,0.3,2.0,5.1
33,Nicolas Batum,PF,35,LAC,3,0,18.0,1.0,2.7,.375,0.7,2.3,.286,0.3,0.3,1.000,.500,0.0,0.0,,0.0,2.3,2.3,1.7,1.0,1.3,0.3,1.7,2.7
34,Nicolas Batum,PF,35,PHI,4,1,25.8,2.5,3.8,.667,2.0,3.3,.615,0.5,0.5,1.000,.933,0.0,0.0,,1.3,2.8,4.0,1.0,0.8,1.0,0.3,2.3,7.0
35,Bradley Beal,SG,30,PHO,3,3,28.7,6.0,15.3,.391,1.7,5.0,.333,4.3,10.3,.419,.446,3.7,5.3,.688,1.0,4.3,5.3,3.7,0.7,0.3,3.0,3.0,17.3
36,Malik Beasley,SG,27,MIL,10,10,25.1,2.9,6.7,.433,2.0,4.9,.408,0.9,1.8,.500,.582,0.5,0.9,.556,0.5,3.1,3.6,1.4,1.0,0.0,0.8,2.1,8.3
37,MarJon Beauchamp,SF,23,MIL,9,0,17.4,2.7,5.3,.500,1.2,2.8,.440,1.4,2.6,.565,.615,0.6,0.9,.625,0.9,1.7,2.6,1.0,0.2,0.1,0.8,1.7,7.1
38,Dāvis Bertāns,PF,31,OKC,3,0,8.3,0.3,1.7,.200,0.3,1.7,.200,0.0,0.0,,.300,2.0,2.0,1.000,0.0,0.3,0.3,0.3,0.3,0.0,0.0,1.0,3.0
39,Patrick Beverley,PG,35,PHI,10,0,16.8,1.0,2.6,.385,0.2,1.3,.154,0.8,1.3,.615,.423,0.1,0.1,1.000,1.1,2.3,3.4,2.1,0.5,0.5,0.5,2.1,2.3
40,Saddiq Bey,SF,24,ATL,10,3,27.5,4.1,9.0,.456,1.7,4.6,.370,2.4,4.4,.545,.550,1.5,1.7,.882,2.0,3.6,5.6,1.1,1.0,0.3,1.4,1.2,11.4
41,Goga Bitadze,C,24,ORL,8,5,15.6,2.5,4.0,.625,0.0,0.4,.000,2.5,3.6,.690,.625,1.6,2.1,.765,2.0,2.6,4.6,1.0,0.9,1.0,0.5,1.8,6.6
42,Onuralp Bitim,SG,24,CHI,1,0,3.0,0.0,0.0,,0.0,0.0,,0.0,0.0,,,0.0,0.0,,0.0,0.0,0.0,0.0,0.0,0.0,0.0,0.0,0.0
43,Bismack Biyombo,C,31,MEM,6,5,24.7,2.8,5.2,.548,0.0,0.0,,2.8,5.2,.548,.548,1.8,2.8,.647,5.0,4.3,9.3,1.8,0.5,1.2,0.7,3.2,7.5
44,Anthony Black,PG,20,ORL,8,4,19.0,2.3,3.8,.600,0.6,1.6,.385,1.6,2.1,.765,.683,0.6,0.9,.714,0.8,1.1,1.9,1.5,0.5,0.4,0.6,1.8,5.8
45,Leaky Black,SF,24,CHO,3,0,4.0,0.7,1.7,.400,0.3,0.7,.500,0.3,1.0,.333,.500,0.0,0.0,,0.0,0.7,0.7,0.3,0.0,0.7,0.0,0.3,1.7
46,Bogdan Bogdanović,SG,31,ATL,10,1,25.9,5.1,11.9,.429,2.8,8.0,.350,2.3,3.9,.590,.546,0.4,0.4,1.000,0.3,2.4,2.7,3.0,1.4,0.4,1.2,1.7,13.4
47,Bol Bol,PF,24,PHO,3,0,2.3,0.3,0.3,1.000,0.0,0.0,,0.3,0.3,1.000,1.000,0.0,0.0,,0.0,0.3,0.3,0.0,0.0,0.3,0.7,0.0,0.7
48,Devin Booker,SG,27,PHO,2,2,36.0,11.5,20.0,.575,4.0,7.5,.533,7.5,12.5,.600,.675,4.5,4.5,1.000,1.0,6.5,7.5,10.5,0.5,0.0,5.5,4.0,31.5
49,Chris Boucher,PF,31,TOR,8,0,16.1,2.3,4.5,.500,0.5,1.4,.364,1.8,3.1,.560,.556,1.8,2.0,.875,1.4,3.6,5.0,0.6,0.3,0.8,0.6,2.6,6.8
50,Jamaree Bouyea,PG,24,POR,2,0,14.5,1.5,5.5,.273,0.0,1.5,.000,1.5,4.0,.375,.273,0.0,0.0,,0.5,2.0,2.5,1.5,0.0,0.0,2.5,1.0,3.0
51,Malaki Branham,SG,20,SAS,11,3,20.2,3.7,8.6,.432,1.0,3.2,.314,2.7,5.5,.500,.489,0.5,0.6,.857,0.2,1.4,1.5,2.2,0.5,0.1,1.1,1.2,9.0
52,Christian Braun,SG,22,DEN,11,0,19.0,2.7,6.0,.455,0.4,1.6,.222,2.4,4.4,.542,.485,1.4,2.0,.682,1.0,3.1,4.1,2.1,0.5,0.3,0.5,1.5,7.2
53,Mikal Bridges,SF,27,BRK,11,11,34.3,7.6,16.7,.457,1.9,6.5,.292,5.7,10.2,.563,.514,3.1,3.7,.829,1.4,4.8,6.2,3.7,1.3,0.5,2.5,1.9,20.3
54,Oshae Brissett,SF,25,BOS,6,0,11.2,0.5,2.8,.176,0.2,1.5,.111,0.3,1.3,.250,.206,1.0,1.3,.750,1.0,1.3,2.3,0.3,0.7,0.0,0.3,0.8,2.2
55,Malcolm Brogdon,PG,31,POR,8,3,27.8,6.1,15.1,.405,2.0,5.9,.340,4.1,9.3,.446,.471,3.0,3.8,.800,1.0,3.8,4.8,5.5,0.8,0.0,1.6,1.4,17.3
56,Armoni Brooks,PG,25,BRK,3,0,12.0,2.0,4.0,.500,1.7,3.0,.556,0.3,1.0,.333,.708,0.0,0.0,,0.3,1.7,2.0,0.0,0.0,0.0,0.3,0.0,5.7
57,Dillon Brooks,SF,28,HOU,9,9,30.9,4.8,8.7,.551,1.8,3.3,.533,3.0,5.3,.563,.654,2.3,2.8,.840,0.4,3.8,4.2,2.0,1.1,0.1,2.0,3.4,13.7
58,Bruce Brown,SG,27,IND,11,11,31.5,4.3,9.4,.456,1.5,3.8,.381,2.8,5.5,.508,.534,1.3,1.5,.875,0.7,3.8,4.5,2.7,1.0,0.4,0.9,2.0,11.3
59,Jaylen Brown,SF,27,BOS,10,10,33.7,8.5,18.5,.459,2.8,7.7,.364,5.7,10.8,.528,.535,3.1,4.2,.738,0.5,4.7,5.2,3.2,1.0,0.4,2.5,2.7,22.9
60,Kobe Brown,PF,24,LAC,6,0,8.7,1.2,2.3,.500,0.5,1.3,.375,0.7,1.0,.667,.607,0.0,0.0,,0.3,1.0,1.3,0.3,0.2,0.2,0.2,1.3,2.8
61,Moses Brown,C,24,POR,1,0,5.0,2.0,3.0,.667,0.0,0.0,,2.0,3.0,.667,.667,0.0,2.0,.000,2.0,1.0,3.0,1.0,0.0,1.0,0.0,1.0,4.0
62,Troy Brown Jr.,SF,24,MIN,7,0,6.3,0.4,1.4,.300,0.0,0.7,.000,0.4,0.7,.600,.300,0.9,0.9,1.000,0.3,1.4,1.7,0.4,0.3,0.0,0.4,0.1,1.7
63,Jalen Brunson,PG,27,NYK,10,10,34.3,8.0,18.9,.423,2.6,6.0,.433,5.4,12.9,.419,.492,4.0,4.9,.816,0.7,2.6,3.3,4.3,1.1,0.0,2.2,1.9,22.6
64,Thomas Bryant,C,26,MIA,10,1,12.5,2.1,4.0,.525,0.0,0.2,.000,2.1,3.8,.553,.525,1.0,1.3,.769,1.1,2.6,3.7,0.6,0.4,0.3,1.0,1.2,5.2
65,Kobe Bufkin,SG,20,ATL,2,0,2.0,0.0,1.5,.000,0.0,0.5,.000,0.0,1.0,.000,.000,0.5,1.0,.500,0.5,0.5,1.0,0.0,0.0,0.0,0.0,0.0,0.5
66,Reggie Bullock,SF,32,HOU,5,0,10.4,0.4,1.6,.250,0.4,1.4,.286,0.0,0.2,.000,.375,0.0,0.0,,0.0,1.4,1.4,0.6,0.2,0.2,0.4,0.8,1.2
67,Alec Burks,SG,32,DET,6,0,24.3,4.0,9.7,.414,3.3,6.8,.488,0.7,2.8,.235,.586,4.0,4.7,.857,0.5,2.5,3.0,3.0,0.3,0.5,0.2,1.8,15.3
68,Jared Butler,SG,23,WAS,2,0,4.5,0.5,2.0,.250,0.5,1.5,.333,0.0,0.5,.000,.375,0.0,0.0,,0.0,0.0,0.0,0.5,0.0,0.0,0.5,0.0,1.5
69,Jimmy Butler,PF,34,MIA,9,9,33.8,6.2,13.7,.455,1.0,2.0,.500,5.2,11.7,.448,.492,6.6,7.7,.855,2.7,3.2,5.9,3.7,1.4,0.3,1.6,0.7,20.0
70,Jamal Cain,PF,24,MIA,3,0,10.0,1.3,3.0,.444,0.0,1.3,.000,1.3,1.7,.800,.444,0.0,0.0,,1.0,1.0,2.0,0.0,1.0,0.0,0.3,0.7,2.7
71,Kentavious Caldwell-Pope,SG,30,DEN,11,11,33.8,3.4,7.0,.481,1.6,3.6,.450,1.7,3.4,.514,.597,1.3,1.5,.875,0.2,1.6,1.8,1.9,1.7,0.5,1.2,2.5,9.6
72,Toumani Camara,PF,23,POR,10,1,24.6,2.0,5.6,.357,0.7,2.3,.304,1.3,3.3,.394,.420,1.0,1.4,.714,2.1,2.6,4.7,1.3,0.7,0.8,1.1,2.4,5.7
73,Clint Capela,C,29,ATL,10,10,24.9,4.0,6.9,.580,0.0,0.0,,4.0,6.9,.580,.580,1.7,2.4,.708,3.8,6.6,10.4,0.9,0.7,1.6,0.8,2.2,9.7
74,Jevon Carter,PG,28,CHI,11,0,14.8,2.7,5.7,.476,1.7,3.5,.500,1.0,2.3,.440,.627,0.0,0.1,.000,0.1,0.5,0.5,1.2,0.5,0.4,0.9,1.2,7.2
75,Wendell Carter Jr.,C,24,ORL,5,5,29.4,3.4,9.0,.378,1.0,3.2,.313,2.4,5.8,.414,.433,1.6,2.8,.571,2.2,6.4,8.6,1.6,0.6,0.4,1.6,2.8,9.4
76,Alex Caruso,SG,29,CHI,9,0,23.6,2.9,4.9,.591,1.2,2.8,.440,1.7,2.1,.789,.716,0.8,1.2,.636,1.4,2.4,3.9,2.4,1.6,0.8,1.0,2.6,7.8
77,Colin Castleton,C,23,LAL,2,0,9.5,1.0,2.0,.500,0.0,0.0,,1.0,2.0,.500,.500,0.0,0.0,,1.0,0.5,1.5,1.0,0.0,0.0,0.0,2.5,2.0
78,Malcolm Cazalon,SG,22,DET,1,0,3.0,0.0,0.0,,0.0,0.0,,0.0,0.0,,,0.0,0.0,,0.0,0.0,0.0,0.0,0.0,0.0,0.0,0.0,0.0
79,Julian Champagnie,SF,22,SAS,6,1,11.2,1.3,5.3,.250,0.7,2.8,.235,0.7,2.5,.267,.313,0.3,0.3,1.000,0.2,1.0,1.2,0.5,0.8,1.0,0.8,0.0,3.7
80,Max Christie,SG,20,LAL,7,0,15.9,1.3,4.0,.321,0.3,1.6,.182,1.0,2.4,.412,.357,0.6,0.7,.800,0.3,2.7,3.0,0.7,0.4,0.1,0.7,1.3,3.4
81,Jordan Clarkson,SG,31,UTA,11,11,31.5,6.5,15.5,.421,1.7,5.5,.311,4.8,10.0,.482,.477,2.9,3.5,.842,1.5,1.9,3.4,4.7,0.9,0.2,3.5,1.5,17.7
82,Nic Claxton,C,24,BRK,3,3,25.7,3.7,7.3,.500,0.0,0.0,,3.7,7.3,.500,.500,1.0,1.0,1.000,3.3,5.3,8.7,2.0,0.3,3.0,0.3,2.3,8.3
83,Amir Coffey,SF,26,LAC,5,0,7.4,0.4,1.6,.250,0.0,0.4,.000,0.4,1.2,.333,.250,0.8,0.8,1.000,0.0,0.6,0.6,0.4,0.0,0.0,0.4,0.4,1.6
84,John Collins,PF,26,UTA,11,11,31.2,5.6,10.8,.521,1.5,3.6,.425,4.1,7.2,.570,.592,2.1,2.9,.719,2.6,5.5,8.2,1.0,0.6,0.9,1.3,3.5,14.9
85,Zach Collins,C,26,SAS,11,11,29.9,5.6,10.5,.534,1.0,3.7,.268,4.6,6.8,.680,.582,1.6,2.3,.720,1.9,4.3,6.2,3.7,0.5,1.0,2.7,3.4,13.9
86,Mike Conley,PG,36,MIN,10,10,29.3,3.9,7.6,.513,2.0,4.4,.455,1.9,3.2,.594,.645,0.9,0.9,1.000,0.7,2.5,3.2,5.3,0.9,0.1,0.7,2.1,10.7
87,Pat Connaughton,SF,31,MIL,10,0,22.0,1.9,4.8,.396,0.8,2.9,.276,1.1,1.9,.579,.479,0.8,1.0,.800,0.5,2.3,2.8,2.3,0.5,0.2,0.6,1.3,5.4
88,Bilal Coulibaly,SF,19,WAS,10,1,25.5,3.0,6.0,.500,1.4,3.2,.438,1.6,2.8,.571,.617,0.8,1.5,.533,0.5,3.2,3.7,1.8,1.1,0.8,1.3,1.8,8.2
89,Robert Covington,SF-PF,33,TOT,10,4,15.4,1.0,2.9,.345,0.5,2.1,.238,0.5,0.8,.625,.431,0.5,0.6,.833,0.7,1.4,2.1,1.0,1.7,0.5,0.2,1.7,3.0
90,Robert Covington,PF,33,LAC,3,3,23.0,1.0,3.0,.333,0.7,2.7,.250,0.3,0.3,1.000,.444,0.3,0.7,.500,0.7,2.0,2.7,2.3,2.0,0.7,0.0,2.3,3.0
91,Robert Covington,SF,33,PHI,7,1,12.1,1.0,2.9,.350,0.4,1.9,.231,0.6,1.0,.571,.425,0.6,0.6,1.000,0.7,1.1,1.9,0.4,1.6,0.4,0.3,1.4,3.0
92,Torrey Craig,SF,33,CHI,11,6,22.6,1.9,5.0,.382,0.8,2.4,.346,1.1,2.6,.414,.464,0.2,0.2,1.000,2.1,3.6,5.7,1.5,0.7,0.4,0.4,2.8,4.8
93,Jae Crowder,PF,33,MIL,9,2,26.7,2.8,5.2,.532,1.8,3.4,.516,1.0,1.8,.563,.702,0.8,1.3,.583,0.4,3.4,3.9,1.7,0.8,0.3,0.4,1.6,8.1
94,Cade Cunningham,PG,22,DET,12,12,36.2,8.0,19.9,.402,1.8,6.2,.297,6.2,13.8,.448,.448,3.5,4.0,.875,0.5,3.1,3.6,7.3,0.8,0.3,5.0,3.3,21.3
95,Seth Curry,SG,33,DAL,8,0,9.0,0.6,2.5,.250,0.3,1.5,.167,0.4,1.0,.375,.300,0.6,0.8,.833,0.4,0.9,1.3,0.8,0.6,0.1,0.5,0.6,2.1
96,Stephen Curry,PG,35,GSW,11,11,32.5,9.5,19.5,.488,5.6,12.6,.446,3.9,6.9,.566,.633,6.0,6.5,.930,0.9,3.7,4.6,3.9,1.0,0.2,3.7,1.5,30.7
97,Dyson Daniels,PG,20,NOP,11,4,26.3,3.3,7.2,.456,1.1,3.1,.353,2.2,4.1,.533,.532,0.8,1.5,.563,1.2,3.6,4.8,3.3,1.4,0.5,1.5,1.9,8.5
98,Anthony Davis,C,30,LAL,10,10,36.2,8.5,15.9,.535,0.3,0.8,.375,8.2,15.1,.543,.544,6.1,6.9,.884,3.2,8.7,11.9,3.8,0.7,3.3,1.4,2.7,23.4
99,Johnny Davis,SG,21,WAS,5,0,11.2,2.4,4.6,.522,0.2,0.4,.500,2.2,4.2,.524,.543,0.4,0.6,.667,0.6,0.8,1.4,0.2,0.8,0.2,0.4,1.0,5.4
100,DeMar DeRozan,SF,34,CHI,11,11,34.9,7.5,17.2,.434,0.7,2.3,.320,6.7,14.9,.451,.455,5.5,6.5,.847,1.2,1.8,3.0,4.5,1.1,1.1,0.8,2.2,21.2
101,Moussa Diabaté,C,22,LAC,6,0,7.5,1.3,2.3,.571,0.0,0.0,,1.3,2.3,.571,.571,0.8,1.0,.833,1.7,0.8,2.5,0.7,0.3,0.0,0.3,0.7,3.5
102,Gradey Dick,SG,20,TOR,10,0,15.1,1.3,4.1,.317,0.7,2.6,.269,0.6,1.5,.400,.402,0.4,0.4,1.000,0.7,1.1,1.8,1.0,0.2,0.0,0.8,1.6,3.7
103,Ousmane Dieng,PF,20,OKC,10,0,11.3,1.3,3.4,.382,0.7,2.5,.280,0.6,0.9,.667,.485,0.3,0.4,.750,0.5,1.5,2.0,0.9,0.1,0.0,0.4,0.6,3.6
104,Spencer Dinwiddie,PG,30,BRK,10,10,28.1,4.2,9.4,.447,2.4,6.0,.400,1.8,3.4,.529,.574,1.7,2.6,.654,0.2,3.1,3.3,5.2,0.4,0.1,1.3,1.6,12.5
105,Donte DiVincenzo,SG,27,NYK,10,0,19.4,2.5,6.8,.368,1.5,4.5,.333,1.0,2.3,.435,.478,0.7,1.2,.583,0.9,2.0,2.9,1.6,0.8,0.4,1.1,1.7,7.2
106,Luka Dončić,PG,24,DAL,11,11,34.9,10.6,20.8,.511,4.2,9.8,.426,6.5,11.0,.587,.611,5.6,7.3,.775,0.6,7.2,7.8,7.9,1.2,0.5,4.5,1.7,31.1
107,Luguentz Dort,SF,24,OKC,11,11,29.7,4.2,8.5,.489,2.2,4.6,.471,2.0,3.9,.512,.617,2.5,3.2,.800,1.4,3.3,4.6,1.2,1.4,1.1,1.1,2.9,13.1
108,Ayo Dosunmu,SG,24,CHI,9,0,14.9,2.3,4.3,.538,0.9,1.9,.471,1.4,2.4,.591,.641,0.3,0.4,.750,0.6,0.9,1.4,1.1,0.6,0.1,0.4,1.1,5.9
109,Andre Drummond,C,30,CHI,11,0,13.5,2.8,5.0,.564,0.0,0.0,,2.8,5.0,.564,.564,0.7,1.4,.533,2.5,2.9,5.4,0.7,1.4,0.2,1.0,1.4,6.4
110,Chris Duarte,SF,26,SAC,9,0,14.1,1.3,4.3,.308,0.8,2.8,.280,0.6,1.6,.357,.397,0.9,1.2,.727,0.1,1.2,1.3,1.0,0.6,0.1,0.6,3.1,4.3
111,Kris Dunn,PG,29,UTA,9,0,11.3,1.4,3.6,.406,0.3,0.9,.375,1.1,2.7,.417,.453,0.4,0.7,.667,0.3,1.7,2.0,2.2,0.6,0.0,1.2,1.4,3.7
112,Kevin Durant,PF,35,PHO,10,10,36.7,10.1,20.3,.498,1.8,4.2,.429,8.3,16.1,.516,.542,8.0,9.4,.851,0.5,6.6,7.1,4.6,0.9,1.2,4.1,1.6,30.0
113,Jalen Duren,C,20,DET,8,8,28.9,5.8,9.3,.622,0.0,0.1,.000,5.8,9.1,.630,.622,1.1,1.5,.750,3.5,7.1,10.6,3.1,0.6,1.1,2.8,3.5,12.6
114,Tari Eason,PF,22,HOU,3,0,16.3,2.7,7.3,.364,1.0,2.3,.429,1.7,5.0,.333,.432,0.0,0.0,,2.0,4.7,6.7,1.3,0.3,1.0,0.7,1.7,6.3
115,Anthony Edwards,SG,22,MIN,10,10,35.9,10.1,20.9,.483,2.5,6.7,.373,7.6,14.2,.535,.543,4.9,6.0,.817,0.8,5.2,6.0,5.3,1.5,0.3,3.8,1.7,27.6
116,Kessler Edwards,SF,23,SAC,7,0,5.0,0.1,0.9,.167,0.1,0.6,.250,0.0,0.3,.000,.250,0.1,0.3,.500,0.0,0.7,0.7,0.4,0.1,0.1,0.1,0.7,0.6
117,Keon Ellis,SG,24,SAC,6,2,13.5,1.5,3.7,.409,0.8,3.0,.278,0.7,0.7,1.000,.523,1.0,1.8,.545,0.3,1.3,1.7,0.8,0.8,0.7,0.8,1.2,4.8
118,Joel Embiid,C,29,PHI,10,10,34.1,11.0,21.8,.505,1.2,3.7,.324,9.8,18.1,.541,.532,9.9,11.4,.868,3.4,8.3,11.7,5.7,0.9,1.9,3.9,2.6,33.1
119,Drew Eubanks,C,26,PHO,10,0,18.6,2.9,4.6,.630,0.0,0.0,,2.9,4.6,.630,.630,1.5,1.9,.789,1.6,3.5,5.1,2.0,0.3,1.5,1.4,2.1,7.3
120,Dante Exum,PG,28,DAL,10,0,8.4,1.7,3.4,.500,0.3,0.8,.375,1.4,2.6,.538,.544,0.3,0.5,.600,0.4,1.3,1.7,1.1,0.3,0.2,0.2,1.0,4.0
121,Bruno Fernando,C,25,ATL,3,0,2.3,0.0,0.3,.000,0.0,0.3,.000,0.0,0.0,,.000,0.0,0.0,,0.0,0.0,0.0,0.0,0.0,0.0,0.7,0.7,0.0
122,Dorian Finney-Smith,PF,30,BRK,11,10,30.4,4.4,9.4,.466,3.0,6.8,.440,1.4,2.5,.536,.626,0.1,0.3,.333,2.0,3.3,5.3,1.4,0.3,0.7,0.9,2.5,11.8
123,Malachi Flynn,PG,25,TOR,10,0,15.3,1.9,4.1,.463,1.1,2.4,.458,0.8,1.7,.471,.598,0.6,0.7,.857,0.3,1.4,1.7,1.9,0.9,0.0,1.2,1.4,5.5
124,Simone Fontecchio,SF,28,UTA,9,0,10.7,1.8,3.8,.471,1.0,2.6,.391,0.8,1.2,.636,.603,0.0,0.0,,0.7,1.2,1.9,0.4,0.2,0.2,0.9,0.9,4.6
125,Jordan Ford,PG,25,SAC,4,0,3.0,0.5,1.3,.400,0.3,0.5,.500,0.3,0.8,.333,.500,0.5,0.5,1.000,0.0,0.3,0.3,0.3,0.0,0.0,0.0,0.0,1.8
126,Trent Forrest,SG,25,ATL,2,0,9.0,0.0,0.5,.000,0.0,0.0,,0.0,0.5,.000,.000,1.0,1.0,1.000,0.5,0.0,0.5,2.5,0.0,0.0,0.0,0.5,1.0
127,De'Aaron Fox,PG,26,SAC,4,4,35.5,11.3,22.5,.500,2.8,7.5,.367,8.5,15.0,.567,.561,5.3,7.0,.750,1.0,2.8,3.8,6.0,1.3,0.5,2.3,3.5,30.5
128,Alex Fudge,SF,20,LAL,1,0,4.0,0.0,1.0,.000,0.0,0.0,,0.0,1.0,.000,.000,0.0,0.0,,0.0,0.0,0.0,0.0,0.0,0.0,0.0,0.0,0.0
129,Markelle Fultz,PG,25,ORL,5,5,28.6,5.4,11.2,.482,0.0,0.6,.000,5.4,10.6,.509,.482,0.6,0.8,.750,1.6,1.8,3.4,4.0,1.2,0.4,1.2,1.2,11.4
130,Daniel Gafford,C,25,WAS,8,8,23.1,3.3,4.3,.765,0.0,0.0,,3.3,4.3,.765,.765,1.8,2.8,.636,2.4,4.6,7.0,1.1,0.6,2.5,1.6,3.5,8.3
131,Danilo Gallinari,PF,35,WAS,9,0,14.4,3.0,5.7,.529,0.9,2.4,.364,2.1,3.2,.655,.608,1.8,2.3,.762,0.6,1.9,2.4,1.7,0.3,0.1,0.4,0.8,8.7
132,Darius Garland,PG,24,CLE,6,6,33.3,5.8,13.0,.449,1.3,4.7,.286,4.5,8.3,.540,.500,4.2,5.0,.833,0.7,2.2,2.8,6.2,1.8,0.3,4.8,2.2,17.2
133,Luka Garza,C,25,MIN,2,0,3.0,1.5,2.5,.600,0.0,0.0,,1.5,2.5,.600,.600,0.5,1.0,.500,0.5,1.0,1.5,0.0,0.0,0.0,0.0,1.5,3.5
134,Kaiser Gates,SF,27,NOP,1,0,7.0,0.0,4.0,.000,0.0,2.0,.000,0.0,2.0,.000,.000,0.0,0.0,,0.0,1.0,1.0,0.0,0.0,0.0,0.0,0.0,0.0
135,Keyonte George,PG,20,UTA,11,3,23.0,2.7,7.1,.385,1.3,4.2,.304,1.5,2.9,.500,.474,1.3,1.5,.824,0.4,2.1,2.5,4.8,0.4,0.2,1.7,1.0,8.0
136,Paul George,PF,33,LAC,10,10,34.1,8.0,16.9,.473,3.2,8.2,.390,4.8,8.7,.552,.568,5.5,5.9,.932,0.5,5.0,5.5,3.6,2.4,0.1,3.0,2.8,24.7
137,Josh Giddey,SG,21,OKC,11,11,28.0,5.5,12.8,.433,0.4,1.9,.190,5.2,10.9,.475,.447,1.1,1.4,.800,1.3,4.5,5.8,5.3,0.6,0.6,3.0,1.0,12.5
138,Harry Giles,C,25,BRK,1,0,6.0,3.0,3.0,1.000,1.0,1.0,1.000,2.0,2.0,1.000,1.167,0.0,0.0,,0.0,1.0,1.0,0.0,0.0,0.0,1.0,1.0,7.0
139,Shai Gilgeous-Alexander,PG,25,OKC,10,10,34.9,11.1,20.8,.534,1.2,3.9,.308,9.9,16.9,.586,.563,5.9,6.5,.908,0.7,6.2,6.9,5.9,2.6,0.7,2.3,2.2,29.3
140,Anthony Gill,PF,31,WAS,5,0,7.2,1.2,2.6,.462,0.0,0.2,.000,1.2,2.4,.500,.462,1.2,1.6,.750,0.6,0.8,1.4,0.6,0.2,0.6,0.4,0.6,3.6
141,Collin Gillespie,PG,24,DEN,6,0,11.8,1.3,3.0,.444,0.5,1.8,.273,0.8,1.2,.714,.528,0.2,0.2,1.000,0.0,0.5,0.5,1.2,0.8,0.0,0.3,1.5,3.3
142,Jacob Gilyard,PG,25,MEM,8,3,17.3,1.6,3.4,.481,1.5,3.1,.480,0.1,0.3,.500,.704,0.0,0.0,,0.5,1.4,1.9,3.4,0.9,0.1,0.6,1.1,4.8
143,Rudy Gobert,C,31,MIN,10,10,33.2,4.2,8.1,.519,0.0,0.0,,4.2,8.1,.519,.519,3.5,6.0,.583,4.2,8.6,12.8,1.3,0.7,2.3,1.7,2.8,11.9
144,Jordan Goodwin,PG,25,PHO,10,0,18.3,2.4,7.3,.329,1.3,3.8,.342,1.1,3.5,.314,.418,1.0,1.3,.769,1.1,2.8,3.9,1.9,1.0,0.4,1.0,1.2,7.1
145,Aaron Gordon,PF,28,DEN,11,11,32.5,6.0,10.6,.564,0.6,2.0,.318,5.4,8.6,.621,.594,1.6,2.8,.581,2.2,4.8,7.0,4.0,1.2,1.1,2.1,1.8,14.3
146,Eric Gordon,SG,35,PHO,9,5,29.6,5.6,12.4,.446,2.1,6.2,.339,3.4,6.2,.554,.531,0.3,0.3,1.000,0.6,1.7,2.2,3.0,1.0,0.4,1.4,1.0,13.6
147,Devonte' Graham,PG,28,SAS,2,0,14.5,0.5,2.5,.200,0.0,1.5,.000,0.5,1.0,.500,.200,2.0,2.5,.800,0.5,0.5,1.0,4.0,1.0,0.5,1.0,1.0,3.0
148,Jerami Grant,PF,29,POR,10,10,36.4,7.8,18.0,.433,2.4,6.5,.369,5.4,11.5,.470,.500,5.1,6.6,.773,1.0,3.6,4.6,1.8,0.4,1.0,2.7,2.5,23.1
149,A.J. Green,SG,24,MIL,4,0,9.0,1.0,2.5,.400,0.8,2.0,.375,0.3,0.5,.500,.550,0.3,0.3,1.000,0.0,1.0,1.0,1.5,0.0,0.0,0.0,1.0,3.0
150,Danny Green,SG,36,PHI,2,0,9.0,0.0,1.0,.000,0.0,0.5,.000,0.0,0.5,.000,.000,0.0,0.0,,0.0,1.0,1.0,0.5,0.5,0.0,0.0,0.5,0.0
151,Draymond Green,PF,33,GSW,9,9,22.2,3.0,6.2,.482,1.0,2.2,.450,2.0,4.0,.500,.563,1.8,2.0,.889,1.4,3.7,5.1,5.7,0.7,0.6,1.8,2.4,8.8
152,Jalen Green,SG,21,HOU,9,9,32.1,6.0,14.6,.412,2.0,5.0,.400,4.0,9.6,.419,.481,5.0,6.4,.776,0.4,4.2,4.7,2.7,0.7,0.3,2.1,1.6,19.0
153,Jeff Green,PF,37,HOU,9,0,15.3,2.4,4.0,.611,0.4,1.2,.364,2.0,2.8,.720,.667,1.9,2.7,.708,1.2,2.0,3.2,0.4,0.2,0.2,0.6,1.1,7.2
154,Josh Green,SG,23,DAL,11,2,25.4,2.6,6.2,.426,1.4,3.6,.375,1.3,2.5,.500,.537,0.6,1.3,.500,0.5,1.9,2.5,2.3,1.0,0.2,1.1,1.8,7.3
155,AJ Griffin,SF,20,ATL,7,0,9.1,1.1,2.4,.471,0.9,2.0,.429,0.3,0.4,.667,.647,0.3,0.3,1.000,0.1,0.6,0.7,0.3,0.1,0.0,0.6,0.6,3.4
156,Quentin Grimes,SG,23,NYK,10,10,24.3,2.8,6.4,.438,2.2,5.5,.400,0.6,0.9,.667,.609,0.0,0.1,.000,0.1,1.3,1.4,1.1,0.7,0.0,0.4,1.6,7.8
157,Mouhamed Gueye,PF,21,ATL,2,0,2.0,0.0,0.5,.000,0.0,0.5,.000,0.0,0.0,,.000,0.0,0.0,,0.0,0.0,0.0,0.0,0.5,0.0,0.0,0.5,0.0
158,Rui Hachimura,PF,25,LAL,7,1,21.0,5.0,8.4,.593,1.4,3.0,.476,3.6,5.4,.658,.678,2.4,3.1,.773,0.9,3.1,4.0,0.9,1.3,0.4,1.1,1.6,13.9
159,Tyrese Haliburton,PG,23,IND,10,10,33.7,8.6,16.3,.528,3.4,7.8,.436,5.2,8.5,.612,.632,4.1,4.4,.932,0.5,3.7,4.2,12.5,1.1,0.7,2.1,1.1,24.7
160,R.J. Hampton,PG,22,MIA,1,0,2.0,0.0,1.0,.000,0.0,0.0,,0.0,1.0,.000,.000,0.0,0.0,,0.0,0.0,0.0,0.0,0.0,0.0,0.0,0.0,0.0
161,Tim Hardaway Jr.,SF,31,DAL,11,0,27.9,5.8,13.6,.427,3.5,9.2,.376,2.4,4.5,.531,.553,2.5,2.5,1.000,0.4,3.5,3.9,1.5,0.3,0.0,1.0,0.8,17.5
162,James Harden,SG,34,LAC,5,5,32.2,4.8,10.2,.471,2.0,5.4,.370,2.8,4.8,.583,.569,3.4,3.4,1.000,0.4,4.0,4.4,4.2,1.2,0.2,2.2,1.0,15.0
163,Jaden Hardy,SG,21,DAL,9,0,12.6,2.8,6.8,.410,1.0,3.2,.310,1.8,3.6,.500,.484,1.6,2.0,.778,0.2,1.6,1.8,1.4,0.2,0.0,0.6,1.0,8.1
164,Gary Harris,SG,29,ORL,5,1,17.8,3.0,5.2,.577,1.8,3.6,.500,1.2,1.6,.750,.750,0.2,0.6,.333,0.8,1.4,2.2,1.4,0.2,0.4,0.8,0.4,8.0
165,Joe Harris,SG,32,DET,7,0,14.0,1.3,3.6,.360,0.9,2.7,.316,0.4,0.9,.500,.480,0.0,0.0,,0.3,0.7,1.0,0.9,0.3,0.0,0.4,1.7,3.4
166,Tobias Harris,PF,31,PHI,10,10,36.5,7.6,13.2,.576,1.1,3.1,.355,6.5,10.1,.644,.617,3.6,4.1,.878,1.1,5.5,6.6,2.8,0.9,0.5,2.1,1.9,19.9
167,Josh Hart,SF,28,NYK,10,3,28.5,2.8,7.2,.389,1.0,3.4,.294,1.8,3.8,.474,.458,0.5,0.7,.714,1.1,5.4,6.5,2.5,0.9,0.1,1.0,2.0,7.1
168,Isaiah Hartenstein,C,25,NYK,10,0,16.8,2.6,4.3,.605,0.1,0.3,.333,2.5,4.0,.625,.616,1.1,1.8,.611,2.4,2.0,4.4,1.1,1.2,0.4,0.9,2.9,6.4
169,Sam Hauser,SF,26,BOS,10,0,19.5,3.2,6.4,.500,2.8,5.9,.475,0.4,0.5,.800,.719,0.4,0.4,1.000,0.5,2.8,3.3,0.4,0.6,0.4,0.4,1.7,9.6
170,Jordan Hawkins,SG,21,NOP,11,7,29.4,4.5,11.8,.377,2.9,8.1,.360,1.5,3.7,.415,.500,1.9,2.3,.840,0.8,3.2,4.0,1.7,0.7,0.0,1.2,2.3,13.7
171,Jaxson Hayes,C,23,LAL,9,0,9.7,1.0,1.7,.600,0.0,0.0,,1.0,1.7,.600,.600,0.7,1.1,.600,0.3,1.0,1.3,0.4,0.2,0.6,0.7,1.9,2.7
172,Killian Hayes,PG,22,DET,12,12,29.8,4.0,10.0,.400,1.2,3.6,.326,2.8,6.4,.442,.458,1.5,2.0,.750,0.3,2.9,3.3,4.8,1.3,0.6,0.9,2.4,10.7
173,Gordon Hayward,SF,33,CHO,9,9,32.7,6.7,14.2,.469,1.0,2.6,.391,5.7,11.7,.486,.504,2.9,4.1,.703,1.1,4.1,5.2,5.2,1.7,0.7,1.9,2.0,17.2
174,Scoot Henderson,PG,19,POR,5,5,28.4,3.6,10.4,.346,0.4,4.2,.095,3.2,6.2,.516,.365,1.2,1.4,.857,0.6,1.6,2.2,4.6,0.6,0.2,4.0,4.0,8.8
175,Taylor Hendricks,PF,20,UTA,1,0,2.0,0.0,0.0,,0.0,0.0,,0.0,0.0,,,1.0,2.0,.500,0.0,1.0,1.0,0.0,0.0,0.0,0.0,0.0,1.0
176,Tyler Herro,SG,24,MIA,8,8,34.0,8.5,19.0,.447,3.1,7.6,.410,5.4,11.4,.473,.530,2.8,3.1,.880,0.4,4.6,5.0,4.6,1.4,0.0,2.5,1.6,22.9
177,Buddy Hield,SF,31,IND,11,0,23.5,4.5,11.1,.410,2.9,7.8,.372,1.6,3.3,.500,.541,0.1,0.2,.500,0.6,2.6,3.3,2.8,0.6,0.6,1.8,1.4,12.1
178,Haywood Highsmith,PF,27,MIA,7,6,26.6,3.0,6.7,.447,1.4,4.1,.345,1.6,2.6,.611,.553,1.0,1.3,.778,0.7,2.3,3.0,1.6,1.4,1.1,0.6,1.9,8.4
179,Nate Hinton,SG,24,HOU,2,0,4.0,1.0,2.0,.500,1.0,1.0,1.000,0.0,1.0,.000,.750,0.0,0.0,,0.0,0.0,0.0,0.0,0.0,0.0,0.0,0.5,3.0
180,D'Moi Hodge,SG,25,LAL,2,0,7.5,0.5,2.5,.200,0.0,2.0,.000,0.5,0.5,1.000,.200,0.5,1.0,.500,0.0,0.0,0.0,0.5,0.0,0.5,0.5,1.0,1.5
181,Aaron Holiday,PG,27,HOU,7,0,15.7,2.0,4.9,.412,0.7,2.1,.333,1.3,2.7,.474,.485,0.4,0.4,1.000,0.1,1.4,1.6,1.3,0.3,0.0,0.6,1.0,5.1
182,Jrue Holiday,PG,33,BOS,10,10,34.0,5.0,11.1,.450,1.6,4.4,.364,3.4,6.7,.507,.523,1.3,1.5,.867,2.0,5.3,7.3,5.5,0.6,1.0,1.9,1.7,12.9
183,Justin Holiday,SG,34,DEN,4,0,4.8,0.5,1.0,.500,0.5,1.0,.500,0.0,0.0,,.750,0.0,0.0,,0.0,1.0,1.0,0.3,0.0,0.0,0.0,0.3,1.5
184,Richaun Holmes,C,30,DAL,3,0,7.7,1.7,3.0,.556,0.0,0.0,,1.7,3.0,.556,.556,0.0,0.0,,1.7,2.0,3.7,0.3,0.0,0.0,0.7,1.7,3.3
185,Chet Holmgren,C,21,OKC,11,11,30.0,5.4,10.2,.527,1.7,3.7,.463,3.6,6.5,.563,.612,3.3,3.6,.900,1.5,6.1,7.5,2.6,1.0,2.2,2.0,3.2,15.7
186,Al Horford,C,37,BOS,9,2,23.9,2.0,5.2,.383,0.7,2.9,.231,1.3,2.3,.571,.447,0.2,0.2,1.000,1.9,4.1,6.0,2.1,0.6,0.6,1.2,1.6,4.9
187,Talen Horton-Tucker,PG,23,UTA,11,8,23.2,3.8,9.5,.400,1.2,3.5,.342,2.6,6.1,.433,.462,0.6,0.8,.778,0.6,2.5,3.2,5.0,1.0,0.5,2.3,2.2,9.5
188,Danuel House Jr.,SF,30,PHI,5,0,12.6,0.8,1.6,.500,0.2,0.8,.250,0.6,0.8,.750,.563,0.4,0.6,.667,0.2,1.0,1.2,0.4,0.2,0.2,1.2,0.8,2.2
189,Caleb Houstan,SF,21,ORL,5,0,6.0,1.0,2.0,.500,0.8,1.8,.444,0.2,0.2,1.000,.700,0.2,0.2,1.000,0.0,0.6,0.6,0.2,0.0,0.0,0.0,0.4,3.0
190,Jett Howard,SF,20,ORL,4,0,4.0,0.3,2.0,.125,0.0,1.5,.000,0.3,0.5,.500,.125,0.0,0.0,,0.3,0.3,0.5,0.3,0.0,0.0,0.0,0.0,0.5
191,Kevin Huerter,SG,25,SAC,9,9,27.3,4.6,10.9,.418,2.4,6.8,.361,2.1,4.1,.514,.531,0.9,1.1,.800,0.8,4.3,5.1,2.6,0.9,0.4,1.2,2.4,12.4
192,De'Andre Hunter,SF,26,ATL,10,10,31.0,4.8,10.8,.444,1.7,5.0,.340,3.1,5.8,.534,.523,2.7,3.4,.794,0.6,3.5,4.1,1.7,1.0,0.4,1.5,3.3,14.0
193,Bones Hyland,PG,23,LAC,8,2,23.5,4.4,10.0,.438,1.9,5.3,.357,2.5,4.8,.526,.531,1.1,1.3,.900,0.3,1.4,1.6,2.9,0.8,0.0,2.0,2.6,11.8
194,Joe Ingles,SF,36,ORL,10,0,19.0,1.1,3.5,.314,0.8,2.4,.333,0.3,1.1,.273,.429,0.4,0.5,.800,0.6,2.0,2.6,3.1,0.9,0.2,0.8,1.4,3.4
195,Brandon Ingram,SF,26,NOP,8,8,34.0,9.5,19.1,.497,1.0,4.8,.211,8.5,14.4,.591,.523,2.9,3.9,.742,0.6,5.1,5.8,5.0,0.6,0.3,3.1,1.8,22.9
196,Kyrie Irving,SG,31,DAL,9,9,32.8,8.2,17.9,.460,2.8,6.9,.403,5.4,11.0,.495,.537,3.1,3.7,.848,0.8,3.3,4.1,6.7,1.2,0.4,1.7,1.8,22.3
197,Jonathan Isaac,PF,26,ORL,8,0,12.8,1.6,5.0,.325,0.8,3.0,.250,0.9,2.0,.438,.400,1.3,1.6,.769,0.8,2.6,3.4,0.4,0.9,1.4,0.6,1.6,5.3
198,Jaden Ivey,SG,21,DET,8,0,19.6,4.0,8.0,.500,1.3,3.3,.385,2.8,4.8,.579,.578,1.8,2.3,.778,0.9,1.6,2.5,2.8,0.8,0.4,1.8,2.6,11.0
199,Andre Jackson Jr.,SG,22,MIL,6,0,8.0,0.8,1.5,.556,0.2,0.8,.200,0.7,0.7,1.000,.611,0.0,0.0,,0.7,1.2,1.8,0.7,0.5,0.0,0.5,2.0,1.8
200,Gregory Jackson II,PF,19,MEM,1,0,1.0,0.0,0.0,,0.0,0.0,,0.0,0.0,,,0.0,0.0,,0.0,0.0,0.0,0.0,0.0,0.0,0.0,0.0,0.0
201,Isaiah Jackson,C,22,IND,5,0,14.6,2.0,3.6,.556,0.0,0.0,,2.0,3.6,.556,.556,1.6,2.6,.615,1.8,2.6,4.4,0.8,0.2,1.8,0.4,3.0,5.6
202,Jaren Jackson Jr.,C,24,MEM,11,11,30.7,6.7,15.3,.440,1.6,5.1,.321,5.1,10.2,.500,.494,4.3,5.2,.825,1.7,4.4,6.1,2.3,0.4,1.7,1.8,3.2,19.4
203,Reggie Jackson,PG,33,DEN,11,4,24.0,4.3,9.3,.461,1.4,3.8,.357,2.9,5.5,.533,.534,0.8,1.4,.600,0.1,1.8,1.9,3.6,0.8,0.4,1.2,1.6,10.7
204,Trayce Jackson-Davis,PF,23,GSW,9,0,8.1,1.1,2.0,.556,0.0,0.0,,1.1,2.0,.556,.556,1.2,2.0,.611,1.0,1.1,2.1,0.7,0.1,0.6,0.4,1.6,3.4
205,LeBron James,PF,39,LAL,10,10,33.7,9.3,16.4,.567,1.9,5.2,.365,7.4,11.2,.661,.625,3.8,5.8,.655,0.5,8.0,8.5,5.5,1.3,0.9,4.1,1.5,24.3
206,Jaime Jaquez Jr.,SF,22,MIA,11,3,22.9,3.8,7.6,.500,0.8,2.9,.281,3.0,4.7,.635,.554,0.6,0.7,.875,1.2,2.2,3.4,2.1,1.2,0.3,1.2,2.2,9.1
207,DaQuan Jeffries,SG,26,NYK,4,0,3.0,0.8,1.3,.600,0.3,0.8,.333,0.5,0.5,1.000,.700,0.0,0.0,,0.0,0.5,0.5,0.3,0.0,0.0,0.3,0.3,1.8
208,Ty Jerome,SG,26,CLE,2,0,7.5,1.0,2.0,.500,0.0,0.5,.000,1.0,1.5,.667,.500,0.0,0.0,,0.5,0.0,0.5,1.5,0.0,0.0,0.5,1.0,2.0
209,Isaiah Joe,SG,24,OKC,11,0,19.0,2.7,6.9,.395,2.3,5.5,.410,0.5,1.4,.333,.559,1.0,1.3,.786,0.1,1.8,1.9,1.1,0.8,0.1,0.7,1.3,8.7
210,Cameron Johnson,PF,27,BRK,4,4,28.8,5.3,12.5,.420,2.3,7.0,.321,3.0,5.5,.545,.510,1.5,2.0,.750,1.5,3.8,5.3,1.5,1.3,0.0,1.8,1.3,14.3
211,Jalen Johnson,SF,22,ATL,10,7,30.0,5.9,9.9,.596,1.1,2.8,.393,4.8,7.1,.676,.652,1.5,2.2,.682,1.7,6.3,8.0,2.4,1.0,0.7,2.1,2.5,14.4
212,Keldon Johnson,SF,24,SAS,10,10,32.3,6.0,13.6,.441,1.6,5.1,.314,4.4,8.5,.518,.500,1.7,2.5,.680,0.8,5.3,6.1,4.3,0.8,0.3,1.2,2.9,15.3
213,Keyontae Johnson,SF,23,OKC,1,0,6.0,0.0,1.0,.000,0.0,0.0,,0.0,1.0,.000,.000,0.0,0.0,,0.0,0.0,0.0,0.0,0.0,0.0,0.0,0.0,0.0
214,Nikola Jokić,C,28,DEN,11,11,34.7,11.6,20.1,.579,1.5,4.7,.327,10.1,15.4,.657,.618,5.2,6.5,.803,3.4,10.5,13.9,8.4,1.0,0.7,3.5,2.2,30.0
215,Colby Jones,SG,21,SAC,6,0,8.5,1.3,2.8,.471,0.2,0.7,.250,1.2,2.2,.538,.500,0.3,0.3,1.000,0.8,1.2,2.0,0.3,0.2,0.2,0.5,0.8,3.2
216,Damian Jones,C,28,CLE,6,0,5.7,0.5,0.5,1.000,0.0,0.0,,0.5,0.5,1.000,1.000,0.2,0.3,.500,0.3,0.8,1.2,0.3,0.0,0.2,0.3,0.5,1.2
217,Derrick Jones Jr.,SF,26,DAL,11,11,22.2,3.2,6.5,.493,1.5,4.0,.364,1.7,2.5,.704,.606,0.9,1.3,.714,0.9,2.3,3.2,1.2,0.5,0.6,0.9,1.1,8.7
218,Herbert Jones,SF,25,NOP,8,8,31.0,3.8,7.4,.508,1.0,3.4,.296,2.8,4.0,.688,.576,2.6,3.0,.875,0.6,3.3,3.9,2.0,2.0,1.6,1.4,3.6,11.1
219,Tre Jones,PG,24,SAS,9,0,25.8,3.2,7.2,.446,0.6,2.2,.250,2.7,5.0,.533,.485,1.8,1.9,.941,0.8,2.4,3.2,6.0,0.8,0.4,1.4,1.3,8.8
220,Tyus Jones,PG,27,WAS,10,10,26.8,3.9,9.1,.429,1.4,3.7,.378,2.5,5.4,.463,.505,0.2,0.4,.500,0.4,2.2,2.6,5.1,1.0,0.2,0.9,1.2,9.4
221,DeAndre Jordan,C,35,DEN,1,0,12.0,0.0,0.0,,0.0,0.0,,0.0,0.0,,,1.0,2.0,.500,1.0,0.0,1.0,1.0,0.0,0.0,1.0,2.0,1.0
222,Cory Joseph,PG,32,GSW,5,0,5.2,0.6,1.8,.333,0.6,1.2,.500,0.0,0.6,.000,.500,0.0,0.2,.000,0.2,0.2,0.4,1.4,0.2,0.0,0.8,0.8,1.8
223,Nikola Jović,PF,20,MIA,2,1,14.0,2.0,4.0,.500,1.5,2.5,.600,0.5,1.5,.333,.688,1.0,1.0,1.000,0.0,7.5,7.5,2.0,0.5,0.0,1.0,1.0,6.5
224,Luke Kennard,SG,27,MEM,8,0,21.5,2.6,7.3,.362,2.1,5.8,.370,0.5,1.5,.333,.509,0.9,0.9,1.000,0.4,2.5,2.9,2.0,0.6,0.1,0.6,0.5,8.3
225,Walker Kessler,C,22,UTA,8,8,24.0,3.5,6.4,.549,0.3,0.8,.333,3.3,5.6,.578,.569,1.0,1.6,.615,3.4,4.5,7.9,0.3,0.0,2.1,1.0,2.1,8.3
226,Braxton Key,SF,26,DEN,4,0,2.5,0.3,1.0,.250,0.0,0.3,.000,0.3,0.8,.333,.250,0.0,0.0,,0.0,0.3,0.3,0.8,0.0,0.0,0.0,0.5,0.5
227,Corey Kispert,SF,24,WAS,9,0,22.0,3.4,7.6,.456,1.8,4.9,.364,1.7,2.7,.625,.574,1.6,1.9,.824,0.6,2.0,2.6,1.4,0.3,0.0,1.3,1.6,10.2
228,Maxi Kleber,C,32,DAL,5,1,18.0,0.8,3.2,.250,0.6,1.8,.333,0.2,1.4,.143,.344,1.2,2.0,.600,0.8,3.4,4.2,2.0,0.2,0.2,0.8,1.6,3.4
229,Kevin Knox,SF,24,DET,2,0,26.5,6.0,8.0,.750,3.0,4.5,.667,3.0,3.5,.857,.938,0.0,0.0,,0.5,3.0,3.5,1.0,0.5,0.0,1.0,2.5,15.0
230,John Konchar,SF,27,MEM,8,0,18.0,1.5,3.4,.444,0.9,2.0,.438,0.6,1.4,.455,.574,0.0,0.0,,1.0,3.1,4.1,1.8,0.8,0.6,0.3,0.9,3.9
231,Furkan Korkmaz,SG,26,PHI,8,0,8.5,0.9,2.0,.438,0.4,0.8,.500,0.5,1.3,.400,.531,0.4,0.6,.600,0.1,0.6,0.8,0.4,0.6,0.0,0.8,0.4,2.5
232,Luke Kornet,C,28,BOS,8,0,10.6,1.4,1.9,.733,0.0,0.0,,1.4,1.9,.733,.733,0.6,0.8,.833,1.1,2.1,3.3,0.6,0.4,0.3,0.1,1.0,3.4
233,Jonathan Kuminga,PF,21,GSW,11,0,20.1,3.8,9.6,.396,0.4,2.1,.174,3.5,7.5,.458,.415,3.5,4.6,.745,1.0,1.9,2.9,0.6,0.6,0.4,1.2,2.7,11.5
234,Kyle Kuzma,PF,28,WAS,10,10,30.3,9.6,19.8,.485,2.4,6.8,.353,7.2,13.0,.554,.545,2.5,3.2,.781,1.2,4.9,6.1,3.0,0.2,0.5,2.2,1.7,24.1
235,Jock Landale,C,28,HOU,7,0,11.0,0.7,2.6,.278,0.3,1.3,.222,0.4,1.3,.333,.333,0.3,0.3,1.000,1.1,1.1,2.3,1.0,0.4,0.3,0.7,0.9,2.0
236,Jake LaRavia,PF,22,MEM,5,0,12.2,1.4,4.0,.350,0.4,2.4,.167,1.0,1.6,.625,.400,0.2,0.4,.500,0.6,1.0,1.6,0.4,0.2,0.0,0.4,1.6,3.4
237,Zach LaVine,SG,28,CHI,11,11,35.1,7.2,17.5,.409,2.3,7.4,.309,4.9,10.2,.482,.474,5.3,6.0,.879,0.5,4.4,4.8,3.0,0.8,0.3,2.1,2.0,21.9
238,Saben Lee,PG,24,PHO,3,0,3.3,1.0,2.0,.500,0.0,0.3,.000,1.0,1.7,.600,.500,0.0,0.0,,0.7,0.3,1.0,1.0,0.0,0.3,0.0,0.3,2.0
239,Alex Len,C,30,SAC,6,0,6.8,1.0,1.3,.750,0.0,0.2,.000,1.0,1.2,.857,.750,0.5,1.2,.429,1.2,1.5,2.7,0.8,0.2,0.8,0.3,0.3,2.5
240,Kawhi Leonard,SF,32,LAC,10,10,33.9,7.7,16.8,.458,2.5,5.9,.424,5.2,10.9,.477,.533,2.6,3.4,.765,1.1,4.1,5.2,3.7,1.7,0.4,1.7,1.7,20.5
241,Caris LeVert,SG,29,CLE,9,1,33.1,6.6,15.3,.428,2.1,6.0,.352,4.4,9.3,.476,.496,3.8,5.1,.739,0.6,3.8,4.3,3.9,1.1,0.4,1.4,2.0,19.0
242,Kira Lewis Jr.,PG,22,NOP,10,0,11.5,1.3,4.0,.325,0.1,1.3,.077,1.2,2.7,.444,.338,0.8,0.9,.889,0.3,0.7,1.0,1.6,0.4,0.1,0.5,0.7,3.5
243,Maxwell Lewis,SF,21,LAL,4,0,4.5,0.0,0.8,.000,0.0,0.0,,0.0,0.8,.000,.000,0.0,0.0,,0.0,0.3,0.3,0.0,0.0,0.0,0.3,0.0,0.0
244,E.J. Liddell,PF,23,NOP,3,0,3.0,0.3,1.3,.250,0.0,1.0,.000,0.3,0.3,1.000,.250,0.7,0.7,1.000,0.0,0.7,0.7,0.0,0.0,0.3,0.3,0.3,1.3
245,Damian Lillard,PG,33,MIL,8,8,33.5,5.9,15.9,.370,2.3,8.4,.269,3.6,7.5,.483,.441,8.8,9.4,.933,0.8,3.5,4.3,4.8,1.0,0.1,2.9,1.1,22.8
246,Nassir Little,PF,23,PHO,5,0,11.6,1.2,2.8,.429,0.6,2.0,.300,0.6,0.8,.750,.536,0.8,0.8,1.000,0.2,1.2,1.4,0.2,1.0,0.2,0.4,1.6,3.8
247,Dereck Lively II,C,19,DAL,10,9,24.1,3.6,5.1,.706,0.0,0.2,.000,3.6,4.9,.735,.706,1.1,1.9,.579,2.6,4.3,6.9,1.1,0.6,1.0,0.9,3.6,8.3
248,Chris Livingston,SF,20,MIL,2,0,4.5,1.0,1.0,1.000,0.5,0.5,1.000,0.5,0.5,1.000,1.250,0.0,0.0,,0.0,0.0,0.0,0.5,0.0,0.0,0.0,0.0,2.5
249,Kenneth Lofton Jr.,PF,21,MEM,7,0,8.4,1.0,2.6,.389,0.3,0.7,.400,0.7,1.9,.385,.444,0.4,1.4,.300,0.3,1.0,1.3,1.0,0.3,0.3,0.4,1.6,2.7
250,Kevon Looney,C,27,GSW,12,11,23.9,2.4,3.9,.617,0.0,0.0,,2.4,3.9,.617,.617,0.7,0.8,.800,3.2,5.9,9.1,2.8,0.8,0.4,1.0,2.9,5.5
251,Brook Lopez,C,35,MIL,10,10,26.3,3.5,8.6,.407,1.8,5.1,.353,1.7,3.5,.486,.512,0.8,1.2,.667,1.1,3.1,4.2,0.7,0.8,2.2,1.1,2.2,9.6
252,Robin Lopez,C,35,MIL,1,0,6.0,0.0,0.0,,0.0,0.0,,0.0,0.0,,,2.0,2.0,1.000,0.0,0.0,0.0,1.0,0.0,0.0,1.0,0.0,2.0
253,Kevin Love,PF,35,MIA,6,3,18.0,2.2,6.5,.333,1.5,5.0,.300,0.7,1.5,.444,.449,2.0,2.3,.857,0.7,4.8,5.5,1.7,0.2,0.0,0.7,1.7,7.8
254,Kyle Lowry,PG,37,MIA,10,10,29.5,2.3,5.5,.418,1.8,4.2,.429,0.5,1.3,.385,.582,0.8,0.8,1.000,0.9,3.3,4.2,4.8,1.2,0.3,1.8,2.7,7.2
255,Théo Maledon,PG,22,CHO,10,1,18.8,1.9,6.4,.297,0.5,2.9,.172,1.4,3.5,.400,.336,1.1,1.2,.917,0.4,1.9,2.3,2.3,0.7,0.0,1.4,1.7,5.4
256,Sandro Mamukelashvili,C,24,SAS,3,0,6.3,0.7,1.7,.400,0.0,1.0,.000,0.7,0.7,1.000,.400,0.3,0.7,.500,1.3,1.0,2.3,0.3,0.3,0.0,0.0,0.7,1.7
257,Terance Mann,SG,27,LAC,4,0,26.0,2.0,4.5,.444,0.5,2.0,.250,1.5,2.5,.600,.500,0.0,0.0,,2.0,2.8,4.8,3.0,0.0,0.0,1.0,2.5,4.5
258,Tre Mann,PG,22,OKC,4,0,5.0,1.8,2.8,.636,0.5,1.3,.400,1.3,1.5,.833,.727,0.3,0.3,1.000,0.3,1.3,1.5,1.0,0.3,0.0,0.5,0.0,4.3
259,Boban Marjanović,C,35,HOU,3,0,6.7,1.7,3.0,.556,0.0,0.3,.000,1.7,2.7,.625,.556,0.0,0.3,.000,0.7,2.0,2.7,1.0,0.0,0.3,0.0,0.7,3.3
260,Lauri Markkanen,PF,26,UTA,11,11,33.3,8.1,16.8,.481,3.9,9.2,.426,4.2,7.6,.548,.597,3.8,4.4,.875,2.3,6.4,8.6,1.5,0.9,0.8,1.5,2.4,23.9
261,Naji Marshall,SF,26,NOP,2,0,17.0,3.5,6.0,.583,1.0,2.5,.400,2.5,3.5,.714,.667,4.0,4.0,1.000,1.5,1.5,3.0,2.0,0.5,1.0,1.5,2.0,12.0
262,Caleb Martin,SF,28,MIA,1,0,20.0,1.0,7.0,.143,0.0,3.0,.000,1.0,4.0,.250,.143,0.0,0.0,,1.0,2.0,3.0,1.0,1.0,0.0,0.0,1.0,2.0
263,KJ Martin,SF,23,TOT,6,0,6.5,0.7,1.8,.364,0.2,0.8,.200,0.5,1.0,.500,.409,0.2,0.3,.500,0.2,0.5,0.7,0.3,0.3,0.2,0.5,0.8,1.7
264,KJ Martin,SF,23,LAC,2,0,15.5,2.0,5.0,.400,0.5,2.5,.200,1.5,2.5,.600,.450,0.5,1.0,.500,0.5,1.0,1.5,0.5,1.0,0.5,1.0,1.5,5.0
265,KJ Martin,SF,23,PHI,4,0,2.0,0.0,0.3,.000,0.0,0.0,,0.0,0.3,.000,.000,0.0,0.0,,0.0,0.3,0.3,0.3,0.0,0.0,0.3,0.5,0.0
266,Garrison Mathews,SG,27,ATL,3,0,3.0,0.3,1.0,.333,0.3,1.0,.333,0.0,0.0,,.500,0.0,0.0,,0.0,0.7,0.7,0.0,0.0,0.0,0.0,0.3,1.0
267,Bennedict Mathurin,SF,21,IND,11,11,24.7,4.8,11.3,.427,1.3,3.9,.326,3.5,7.4,.481,.484,2.0,2.6,.759,1.5,2.5,4.1,2.3,0.7,0.2,1.5,1.3,12.9
268,Wesley Matthews,SG,37,ATL,1,0,7.0,2.0,2.0,1.000,2.0,2.0,1.000,0.0,0.0,,1.500,1.0,2.0,.500,1.0,1.0,2.0,0.0,0.0,0.0,1.0,3.0,7.0
269,Tyrese Maxey,PG,23,PHI,10,10,37.9,10.2,20.7,.493,3.3,7.7,.429,6.9,13.0,.531,.572,4.7,5.0,.940,0.8,4.5,5.3,7.0,0.9,1.0,1.4,1.9,28.4
270,Skylar Mays,PG,26,POR,9,2,18.2,3.0,7.1,.422,0.3,2.3,.143,2.7,4.8,.558,.445,0.8,0.9,.875,0.1,1.4,1.6,4.6,0.7,0.2,1.0,1.1,7.1
271,Miles McBride,PG,23,NYK,7,0,3.7,0.6,1.6,.364,0.3,1.3,.222,0.3,0.3,1.000,.455,0.1,0.3,.500,0.0,0.3,0.3,0.3,0.4,0.0,0.0,0.3,1.6
272,CJ McCollum,PG,32,NOP,6,6,34.3,7.3,16.7,.440,3.2,8.3,.380,4.2,8.3,.500,.535,3.8,5.2,.742,0.8,4.0,4.8,5.7,1.5,0.8,1.3,2.3,21.7
273,T.J. McConnell,PG,31,IND,7,0,13.7,3.1,5.3,.595,0.0,0.4,.000,3.1,4.9,.647,.595,1.3,1.3,1.000,0.6,2.0,2.6,3.3,0.9,0.1,0.7,1.3,7.6
274,Jaden McDaniels,SF,23,MIN,8,8,24.9,4.1,7.5,.550,1.3,3.0,.417,2.9,4.5,.639,.633,0.0,0.0,,0.8,1.6,2.4,1.3,0.5,0.5,0.9,3.6,9.5
275,Jalen McDaniels,SF,26,TOR,8,0,8.6,0.3,2.1,.118,0.1,1.4,.091,0.1,0.8,.167,.147,0.0,0.0,,0.1,0.9,1.0,0.5,0.3,0.1,0.1,0.8,0.6
276,Doug McDermott,SF,32,SAS,11,0,17.5,2.6,5.2,.509,2.1,4.0,.523,0.5,1.2,.462,.711,0.3,0.4,.750,0.2,1.1,1.3,1.6,0.2,0.1,0.8,1.4,7.6
277,JaVale McGee,C,36,SAC,7,0,11.9,3.1,5.0,.629,0.0,0.1,.000,3.1,4.9,.647,.629,0.7,1.0,.714,1.4,2.0,3.4,0.3,0.1,0.4,0.9,0.9,7.0
278,Bryce McGowens,SG,21,CHO,5,0,17.0,1.2,2.8,.429,0.6,1.8,.333,0.6,1.0,.600,.536,0.8,1.2,.667,0.0,2.2,2.2,0.6,0.6,0.0,0.8,1.8,3.8
279,Jordan McLaughlin,PG,27,MIN,5,0,3.8,0.2,0.8,.250,0.2,0.4,.500,0.0,0.4,.000,.375,0.4,0.4,1.000,0.0,0.0,0.0,1.0,0.0,0.4,0.0,0.4,1.0
280,De'Anthony Melton,SG,25,PHI,10,10,28.3,3.3,9.0,.367,1.8,4.9,.367,1.5,4.1,.366,.467,1.9,2.4,.792,0.5,2.9,3.4,4.2,1.3,0.3,1.3,2.5,10.3
281,Sam Merrill,SG,27,CLE,4,0,6.0,0.5,1.8,.286,0.5,1.5,.333,0.0,0.3,.000,.429,0.0,0.0,,0.3,0.5,0.8,0.8,0.5,0.0,0.3,0.0,1.5
282,Chimezie Metu,C,26,PHO,4,0,2.5,0.3,1.0,.250,0.0,0.5,.000,0.3,0.5,.500,.250,0.5,0.5,1.000,0.0,0.5,0.5,0.3,0.0,0.3,0.3,0.0,1.0
283,Vasilije Micić,PG,30,OKC,4,0,12.8,1.5,3.3,.462,1.0,2.0,.500,0.5,1.3,.400,.615,0.5,1.0,.500,0.0,0.5,0.5,2.8,0.3,0.0,1.5,0.8,4.5
284,Khris Middleton,SF,32,MIL,8,8,18.9,4.4,8.8,.500,1.3,3.9,.323,3.1,4.9,.641,.571,1.4,1.8,.786,0.6,2.9,3.5,3.8,0.6,0.1,1.5,1.3,11.4
285,Brandon Miller,SF,21,CHO,9,4,28.8,4.9,11.0,.444,1.1,4.0,.278,3.8,7.0,.540,.495,1.9,2.4,.773,1.4,2.8,4.2,1.6,0.4,0.6,0.9,3.2,12.8
286,Jordan Miller,SF,24,LAC,2,0,3.5,1.0,1.5,.667,0.5,0.5,1.000,0.5,1.0,.500,.833,0.0,0.0,,0.0,0.0,0.0,0.0,0.0,0.0,0.0,1.0,2.5
287,Leonard Miller,SF,20,MIN,1,0,2.0,0.0,1.0,.000,0.0,0.0,,0.0,1.0,.000,.000,0.0,0.0,,0.0,1.0,1.0,0.0,0.0,0.0,0.0,0.0,0.0
288,Shake Milton,SG,27,MIN,10,0,15.0,1.6,4.2,.381,0.6,1.9,.316,1.0,2.3,.435,.452,1.1,1.5,.733,0.2,1.7,1.9,1.3,0.7,0.1,1.2,1.6,4.9
289,Justin Minaya,SF,24,POR,2,0,5.0,0.0,0.0,,0.0,0.0,,0.0,0.0,,,0.0,0.0,,1.0,0.5,1.5,0.0,0.0,0.0,0.5,0.5,0.0
290,Josh Minott,SF,21,MIN,5,0,2.6,0.6,1.2,.500,0.0,0.4,.000,0.6,0.8,.750,.500,0.4,0.6,.667,0.0,0.0,0.0,0.2,0.0,0.2,0.0,0.4,1.6
291,Davion Mitchell,PG,25,SAC,8,3,21.0,2.4,6.4,.373,1.3,3.8,.333,1.1,2.6,.429,.471,0.1,0.1,1.000,0.1,1.5,1.6,2.8,0.5,0.3,1.0,2.4,6.1
292,Donovan Mitchell,SG,27,CLE,9,9,36.2,10.2,21.8,.469,3.3,9.0,.370,6.9,12.8,.539,.546,4.9,5.4,.898,1.0,3.8,4.8,5.4,2.1,0.7,2.6,2.1,28.7
293,Evan Mobley,PF,22,CLE,10,10,32.4,6.7,12.9,.519,0.1,0.6,.167,6.6,12.3,.537,.523,2.6,3.4,.765,3.1,7.2,10.3,2.9,0.8,1.8,2.1,2.9,16.1
294,Isaiah Mobley,PF,24,CLE,1,0,1.0,0.0,0.0,,0.0,0.0,,0.0,0.0,,,0.0,0.0,,0.0,1.0,1.0,0.0,0.0,0.0,0.0,1.0,0.0
295,Malik Monk,SG,25,SAC,9,0,23.9,4.3,10.8,.402,2.1,5.8,.365,2.2,5.0,.444,.500,3.4,4.1,.838,0.9,1.9,2.8,5.4,0.4,0.8,2.2,1.7,14.2
296,Moses Moody,SG,21,GSW,12,1,16.8,2.6,5.6,.463,1.2,3.3,.350,1.4,2.3,.630,.567,0.8,1.1,.769,0.8,2.1,2.8,1.2,1.1,0.3,0.4,0.9,7.2
297,Marcus Morris,PF,34,PHI,3,0,10.0,0.7,2.0,.333,0.0,0.7,.000,0.7,1.3,.500,.333,0.3,0.3,1.000,0.0,1.7,1.7,0.3,0.0,0.3,0.0,1.0,1.7
298,Markieff Morris,PF,34,DAL,1,0,4.0,0.0,2.0,.000,0.0,2.0,.000,0.0,0.0,,.000,0.0,0.0,,0.0,1.0,1.0,0.0,0.0,0.0,0.0,0.0,0.0
299,Dejounte Murray,SG,27,ATL,10,10,34.7,8.5,17.0,.500,2.4,5.9,.407,6.1,11.1,.550,.571,3.5,4.1,.854,0.6,4.0,4.6,6.0,1.5,0.4,2.7,1.4,22.9
300,Jamal Murray,PG,26,DEN,7,7,30.9,6.0,13.9,.433,2.0,4.6,.438,4.0,9.3,.431,.505,2.3,2.7,.842,0.4,2.1,2.6,7.4,0.3,0.7,2.3,1.9,16.3
301,Keegan Murray,SF,23,SAC,9,9,34.7,5.6,14.2,.391,2.4,8.2,.297,3.1,6.0,.519,.477,1.4,1.7,.867,2.0,4.9,6.9,1.9,1.4,0.8,1.2,2.2,15.0
302,Kris Murray,SF,23,POR,5,0,5.2,0.0,0.4,.000,0.0,0.2,.000,0.0,0.2,.000,.000,0.0,0.0,,0.0,0.2,0.2,0.0,0.2,0.2,0.0,0.6,0.0
303,Mike Muscala,C,32,WAS,6,1,10.7,1.0,2.7,.375,0.3,1.3,.250,0.7,1.3,.500,.438,0.7,0.7,1.000,0.3,1.8,2.2,0.7,0.2,0.2,1.0,1.2,3.0
304,Svi Mykhailiuk,SF,26,BOS,5,0,6.6,0.6,2.2,.273,0.4,1.8,.222,0.2,0.4,.500,.364,0.0,0.0,,0.0,0.8,0.8,0.2,0.2,0.0,0.6,0.2,1.6
305,Larry Nance Jr.,C,31,NOP,10,0,15.7,1.6,3.3,.485,0.3,0.9,.333,1.3,2.4,.542,.530,0.3,0.6,.500,1.3,3.1,4.4,0.8,0.5,0.1,0.9,1.4,3.8
306,Andrew Nembhard,PG,24,IND,11,1,18.4,3.3,6.8,.480,0.7,2.5,.286,2.5,4.3,.596,.533,0.3,0.4,.750,0.4,1.5,1.8,4.0,0.8,0.0,1.5,1.9,7.5
307,Aaron Nesmith,SF,24,IND,11,0,23.9,4.0,7.8,.512,2.1,4.5,.460,1.9,3.3,.583,.645,1.1,1.7,.632,0.9,2.6,3.5,1.2,0.8,0.6,0.5,3.0,11.2
308,Georges Niang,PF,30,CLE,10,1,22.3,2.3,6.8,.338,1.2,4.5,.267,1.1,2.3,.478,.426,0.4,0.4,1.000,0.4,3.4,3.8,1.0,0.1,0.1,0.5,2.6,6.2
309,Daishen Nix,PG,21,MIN,3,0,2.3,0.3,0.3,1.000,0.0,0.0,,0.3,0.3,1.000,1.000,0.0,0.0,,0.0,0.0,0.0,0.0,0.3,0.0,0.0,0.0,0.7
310,Zeke Nnaji,PF,23,DEN,11,0,10.9,1.3,2.5,.500,0.1,0.5,.200,1.2,2.1,.565,.518,0.6,1.1,.583,0.8,1.7,2.5,0.5,0.2,0.5,0.4,1.1,3.3
311,Jusuf Nurkić,C,29,PHO,10,10,27.4,3.3,8.4,.393,0.7,2.9,.241,2.6,5.5,.473,.435,2.8,4.0,.700,2.9,6.3,9.2,4.6,1.4,1.0,2.1,3.4,10.1
312,Jordan Nwora,SF,25,IND,3,0,12.0,2.0,6.0,.333,0.7,2.7,.250,1.3,3.3,.400,.389,0.7,1.0,.667,0.3,1.7,2.0,1.3,0.0,0.3,1.7,0.7,5.3
313,Royce O'Neale,SF,30,BRK,11,4,31.5,2.9,8.1,.360,2.6,6.8,.387,0.3,1.3,.214,.522,0.2,0.4,.500,0.7,5.4,6.1,3.2,0.5,0.8,1.1,3.3,8.6
314,Chuma Okeke,SF,25,ORL,5,0,3.2,0.2,0.8,.250,0.0,0.6,.000,0.2,0.2,1.000,.250,0.0,0.0,,0.6,0.6,1.2,0.2,0.0,0.0,0.2,0.0,0.4
315,Josh Okogie,SG,25,PHO,10,6,23.7,2.3,5.6,.411,0.4,2.3,.174,1.9,3.3,.576,.446,2.6,2.9,.897,1.9,1.6,3.5,1.2,0.8,0.5,0.9,1.2,7.6
316,Onyeka Okongwu,C,23,ATL,10,0,22.5,3.4,5.4,.630,0.2,0.8,.250,3.2,4.6,.696,.648,2.4,2.6,.923,2.8,4.1,6.9,1.6,0.6,1.0,0.8,3.1,9.4
317,Isaac Okoro,SF,23,CLE,6,5,28.8,3.5,7.2,.488,1.0,2.5,.400,2.5,4.7,.536,.558,1.5,2.2,.692,2.0,2.8,4.8,2.2,1.2,0.5,1.0,3.8,9.5
318,Kelly Olynyk,C,32,UTA,11,0,20.7,2.8,4.8,.585,0.8,1.8,.450,2.0,3.0,.667,.670,1.3,1.5,.875,2.3,3.7,6.0,3.4,1.1,0.2,1.9,2.9,7.7
319,Eugene Omoruyi,SF,26,WAS,6,0,8.0,2.2,3.2,.684,0.3,0.8,.400,1.8,2.3,.786,.737,0.8,1.3,.625,0.7,1.8,2.5,1.0,0.5,0.2,1.0,1.0,5.5
320,Cedi Osman,SF,28,SAS,11,0,19.3,3.0,5.9,.508,1.5,3.5,.447,1.5,2.5,.593,.638,0.3,0.5,.600,0.3,1.4,1.6,1.4,0.5,0.3,0.5,1.2,7.8
321,Kelly Oubre Jr.,SF,28,PHI,8,5,29.0,5.9,11.8,.500,1.8,4.6,.378,4.1,7.1,.579,.574,2.8,3.5,.786,1.4,3.8,5.1,0.6,1.4,0.4,0.9,2.4,16.3
322,Chris Paul,PG,38,GSW,12,3,27.8,3.4,9.1,.376,0.7,3.3,.200,2.8,5.8,.478,.413,1.3,1.4,.882,0.3,3.5,3.8,7.0,1.6,0.1,1.3,1.4,8.8
323,Cameron Payne,PG,29,MIL,10,2,18.1,2.3,4.6,.500,1.2,2.4,.500,1.1,2.2,.500,.630,0.4,0.4,1.000,0.1,0.9,1.0,2.1,0.5,0.1,1.0,2.3,6.2
324,Gary Payton II,SG,31,GSW,11,0,18.1,2.6,5.5,.483,0.8,2.3,.360,1.8,3.2,.571,.558,0.4,0.5,.667,1.2,2.0,3.2,1.1,1.2,0.2,0.5,1.6,6.5
325,Filip Petrušev,C,23,PHI,1,0,3.0,0.0,0.0,,0.0,0.0,,0.0,0.0,,,0.0,0.0,,0.0,1.0,1.0,0.0,0.0,0.0,0.0,0.0,0.0
326,Julian Phillips,SF,20,CHI,4,0,2.5,0.0,0.3,.000,0.0,0.3,.000,0.0,0.0,,.000,0.0,0.0,,0.0,0.3,0.3,0.0,0.0,0.0,0.0,0.0,0.0
327,Jalen Pickett,SG,24,DEN,5,0,5.2,1.2,1.6,.750,0.6,1.0,.600,0.6,0.6,1.000,.938,0.0,0.0,,0.0,0.8,0.8,0.4,0.2,0.0,0.4,0.6,3.0
328,Mason Plumlee,C,33,LAC,6,0,17.0,2.0,3.2,.632,0.0,0.0,,2.0,3.2,.632,.632,1.0,2.3,.429,1.3,4.2,5.5,1.0,0.7,0.2,0.8,1.0,5.0
329,Brandin Podziemski,SG,20,GSW,7,0,13.0,2.4,5.0,.486,0.7,1.7,.417,1.7,3.3,.522,.557,0.6,0.7,.800,0.9,2.4,3.3,1.9,0.4,0.0,1.1,1.6,6.1
330,Jakob Poeltl,C,28,TOR,10,10,24.7,4.8,7.2,.667,0.0,0.0,,4.8,7.2,.667,.667,0.7,1.7,.412,2.6,5.3,7.9,1.9,0.6,0.8,1.7,2.8,10.3
331,Aleksej Pokusevski,PF,22,OKC,4,0,5.8,0.0,1.3,.000,0.0,1.3,.000,0.0,0.0,,.000,0.3,0.5,.500,0.0,1.0,1.0,0.3,0.0,0.3,0.8,0.8,0.3
332,Jordan Poole,SG,24,WAS,10,10,28.7,6.1,14.8,.412,2.0,6.6,.303,4.1,8.2,.500,.480,2.0,2.6,.769,0.5,1.9,2.4,3.7,1.3,0.6,2.8,3.1,16.2
333,Craig Porter Jr.,PG,23,CLE,5,0,8.4,1.2,2.8,.429,0.0,0.2,.000,1.2,2.6,.462,.429,0.6,1.6,.375,0.2,1.4,1.6,1.2,0.6,0.2,0.6,1.4,3.0
334,Michael Porter Jr.,SF,25,DEN,11,11,30.0,6.4,13.6,.467,2.6,7.5,.354,3.7,6.2,.603,.563,0.9,1.2,.769,1.9,6.0,7.9,1.6,0.5,0.9,1.0,2.4,16.3
335,Otto Porter Jr.,SF,30,TOR,5,1,15.8,1.4,3.8,.368,1.0,2.6,.385,0.4,1.2,.333,.500,0.2,0.2,1.000,0.6,2.2,2.8,0.2,0.6,0.6,0.0,1.4,4.0
336,Bobby Portis,PF,28,MIL,10,0,22.0,4.7,9.8,.480,0.7,2.6,.269,4.0,7.2,.556,.515,2.3,3.1,.742,1.1,5.1,6.2,1.6,1.1,0.4,1.2,2.2,12.4
337,Kristaps Porziņģis,C,28,BOS,10,10,30.2,6.5,11.5,.565,2.0,4.9,.408,4.5,6.6,.682,.652,4.7,5.6,.839,1.3,4.9,6.2,1.9,0.4,1.3,1.2,3.4,19.7
338,Dwight Powell,C,32,DAL,10,1,17.1,1.9,2.6,.731,0.1,0.1,1.000,1.8,2.5,.720,.750,2.5,3.3,.758,2.1,2.3,4.4,1.4,0.4,0.8,0.3,1.9,6.4
339,Norman Powell,SG,30,LAC,10,0,24.4,4.5,8.5,.529,2.0,4.4,.455,2.5,4.1,.610,.647,1.8,2.6,.692,0.1,1.8,1.9,1.4,0.5,0.5,1.2,2.7,12.8
340,Taurean Prince,PF,29,LAL,9,9,30.2,3.6,8.0,.444,1.4,4.4,.325,2.1,3.6,.594,.535,0.8,1.0,.778,0.1,1.8,1.9,1.0,0.6,0.6,0.4,2.8,9.3
341,Payton Pritchard,PG,26,BOS,10,0,20.5,1.7,5.2,.327,0.7,3.1,.226,1.0,2.1,.476,.394,0.6,0.7,.857,1.4,2.0,3.4,3.6,0.2,0.0,0.7,1.7,4.7
342,Olivier-Maxence Prosper,PF,21,DAL,4,0,5.3,0.8,2.0,.375,0.3,1.0,.250,0.5,1.0,.500,.438,1.0,1.5,.667,0.5,0.5,1.0,0.0,0.0,0.0,0.0,0.8,2.8
343,Immanuel Quickley,SG,24,NYK,10,0,24.4,5.0,11.2,.446,1.9,5.1,.373,3.1,6.1,.508,.531,2.6,2.9,.897,0.4,3.3,3.7,3.8,0.5,0.0,1.3,1.4,14.5
344,Lester Quinones,SG,23,GSW,1,0,5.0,2.0,3.0,.667,1.0,2.0,.500,1.0,1.0,1.000,.833,0.0,0.0,,0.0,0.0,0.0,0.0,0.0,0.0,1.0,0.0,5.0
345,Julius Randle,PF,29,NYK,10,10,34.0,5.8,17.1,.339,1.7,6.6,.258,4.1,10.5,.390,.389,4.7,6.7,.701,2.3,8.0,10.3,4.9,1.0,0.0,3.0,2.6,18.0
346,Duop Reath,C,27,POR,2,0,12.0,2.0,7.0,.286,1.5,5.5,.273,0.5,1.5,.333,.393,0.0,0.0,,0.5,1.5,2.0,1.5,0.0,0.5,1.0,2.0,5.5
347,Austin Reaves,SG,25,LAL,11,8,31.7,4.9,11.0,.446,1.6,4.4,.375,3.3,6.6,.493,.521,2.5,3.1,.824,1.1,3.6,4.7,4.5,1.2,0.1,2.5,1.5,14.0
348,Cam Reddish,SF,24,LAL,11,5,22.9,2.4,5.7,.413,1.0,2.9,.344,1.4,2.8,.484,.500,1.5,1.9,.810,0.5,2.3,2.8,1.1,1.3,0.3,0.5,1.7,7.3
349,Paul Reed,C,24,PHI,10,0,13.0,2.0,3.4,.588,0.0,0.3,.000,2.0,3.1,.645,.588,0.1,0.2,.500,1.6,2.9,4.5,1.0,0.4,0.4,0.8,2.2,4.1
350,Naz Reid,C,24,MIN,10,0,21.8,4.8,8.9,.539,1.9,4.3,.442,2.9,4.6,.630,.646,1.5,1.6,.938,0.9,3.3,4.2,0.8,0.6,0.4,1.0,1.3,13.0
351,Jared Rhoden,SG,24,DET,5,0,6.0,1.0,1.8,.556,0.2,0.8,.250,0.8,1.0,.800,.611,0.4,0.4,1.000,0.2,0.6,0.8,0.6,0.0,0.0,0.4,0.8,2.6
352,Nick Richards,C,26,CHO,10,0,18.5,3.2,4.0,.800,0.0,0.0,,3.2,4.0,.800,.800,2.7,3.4,.794,1.7,4.7,6.4,0.4,0.4,1.3,1.3,3.2,9.1
353,Josh Richardson,SG,30,MIA,8,1,24.9,2.8,7.1,.386,1.0,3.8,.267,1.8,3.4,.519,.456,0.9,1.0,.875,0.1,2.5,2.6,2.8,0.4,0.3,1.1,2.0,7.4
354,Duncan Robinson,SF,29,MIA,11,3,28.5,4.9,10.9,.450,2.6,7.3,.363,2.3,3.6,.625,.571,0.8,0.9,.900,0.4,2.6,3.0,2.5,0.5,0.2,1.1,2.1,13.3
355,Jerome Robinson,SG,26,GSW,1,0,5.0,0.0,2.0,.000,0.0,0.0,,0.0,2.0,.000,.000,0.0,0.0,,1.0,1.0,2.0,0.0,0.0,0.0,0.0,0.0,0.0
356,Mitchell Robinson,C,25,NYK,10,10,29.6,2.8,5.2,.538,0.0,0.0,,2.8,5.2,.538,.538,1.0,2.5,.400,5.8,5.6,11.4,0.5,1.4,1.0,0.4,2.2,6.6
357,Orlando Robinson,C,23,MIA,2,0,15.0,2.0,4.5,.444,0.5,0.5,1.000,1.5,4.0,.375,.500,1.0,1.0,1.000,1.0,3.0,4.0,3.5,0.5,0.5,1.5,2.0,5.5
358,Jeremiah Robinson-Earl,PF,23,NOP,4,1,19.0,2.5,4.5,.556,1.5,2.3,.667,1.0,2.3,.444,.722,1.0,1.0,1.000,1.3,3.0,4.3,1.0,0.5,0.0,1.5,1.8,7.5
359,David Roddy,PF,22,MEM,11,1,22.6,3.7,8.1,.461,0.7,2.9,.250,3.0,5.2,.579,.506,0.6,0.8,.778,1.1,2.6,3.7,1.1,0.5,0.5,0.8,2.0,8.8
360,Ryan Rollins,PG,21,WAS,6,0,7.7,1.3,2.8,.471,0.2,0.3,.500,1.2,2.5,.467,.500,2.2,2.7,.813,0.3,1.3,1.7,1.7,1.3,0.3,1.2,1.0,5.0
361,Derrick Rose,PG,35,MEM,4,0,17.8,3.0,9.3,.324,1.3,2.5,.500,1.8,6.8,.259,.392,0.8,1.0,.750,1.0,1.0,2.0,2.8,0.5,0.3,1.5,0.8,8.0
362,Terry Rozier,SG,29,CHO,5,5,35.8,8.4,18.0,.467,1.6,6.2,.258,6.8,11.8,.576,.511,3.6,4.4,.818,0.8,3.2,4.0,5.0,0.6,0.4,2.2,0.8,22.0
363,Rayan Rupert,SG,19,POR,3,0,3.0,0.0,1.0,.000,0.0,0.3,.000,0.0,0.7,.000,.000,0.3,0.7,.500,0.0,0.0,0.0,0.0,0.0,0.0,0.0,0.0,0.3
364,D'Angelo Russell,PG,27,LAL,11,11,32.8,6.6,14.3,.465,2.0,5.8,.344,4.6,8.5,.548,.535,2.6,3.2,.829,0.3,3.0,3.3,6.7,0.5,0.6,1.7,2.4,17.9
365,Matt Ryan,SF,26,NOP,11,1,23.0,2.9,6.5,.451,2.4,5.4,.441,0.5,1.1,.500,.634,1.1,1.1,1.000,0.5,2.0,2.5,1.2,0.4,0.1,1.2,2.1,9.3
366,Domantas Sabonis,C,27,SAC,9,9,34.8,6.9,11.8,.585,0.3,1.1,.300,6.6,10.7,.615,.599,3.9,6.6,.593,3.7,8.8,12.4,7.3,0.9,1.0,3.6,3.4,18.0
367,Luka Šamanić,PF,24,UTA,5,0,3.4,1.0,2.0,.500,0.4,1.0,.400,0.6,1.0,.600,.600,0.2,0.2,1.000,0.0,0.8,0.8,0.2,0.2,0.0,0.0,0.2,2.6
368,Jermaine Samuels,SF,25,HOU,3,0,6.7,0.7,1.0,.667,0.0,0.3,.000,0.7,0.7,1.000,.667,0.7,0.7,1.000,0.3,0.7,1.0,0.0,0.0,0.3,0.0,1.0,2.0
369,Dario Šarić,C,29,GSW,12,2,21.0,3.3,7.8,.419,1.4,4.4,.321,1.8,3.3,.550,.511,1.3,1.4,.882,1.8,4.8,6.6,1.9,0.5,0.4,0.9,2.2,9.2
370,Olivier Sarr,C,24,OKC,4,0,11.0,0.3,0.3,1.000,0.0,0.0,,0.3,0.3,1.000,1.000,1.0,1.5,.667,0.8,3.8,4.5,0.3,0.0,1.3,0.5,1.5,1.5
371,Marcus Sasser,PG,23,DET,12,0,19.9,3.7,7.6,.484,1.6,3.8,.413,2.1,3.8,.556,.588,0.4,0.4,1.000,0.2,2.5,2.7,2.9,0.8,0.1,0.8,1.8,9.3
372,Admiral Schofield,PF,26,ORL,1,0,3.0,2.0,4.0,.500,1.0,3.0,.333,1.0,1.0,1.000,.625,0.0,0.0,,0.0,0.0,0.0,0.0,0.0,0.0,0.0,0.0,5.0
373,Dennis Schröder,PG,30,TOR,10,10,32.3,5.4,12.5,.432,1.7,4.7,.362,3.7,7.8,.474,.500,2.9,3.5,.829,0.8,1.9,2.7,7.7,1.0,0.2,1.9,1.6,15.4
374,Dereon Seabron,SG,23,NOP,5,0,10.4,0.8,2.6,.308,0.2,0.4,.500,0.6,2.2,.273,.346,1.0,1.2,.833,0.2,1.2,1.4,0.8,0.4,0.2,0.0,0.8,2.8
375,Alperen Şengün,C,21,HOU,9,9,31.4,8.3,13.9,.600,0.4,1.8,.250,7.9,12.1,.651,.616,2.3,3.8,.618,2.6,5.7,8.2,6.0,1.0,0.4,2.1,2.8,19.4
376,Brice Sensabaugh,SF,20,UTA,1,0,2.0,0.0,2.0,.000,0.0,0.0,,0.0,2.0,.000,.000,0.0,0.0,,1.0,1.0,2.0,0.0,0.0,0.0,0.0,0.0,0.0
377,Collin Sexton,SG,25,UTA,11,0,19.6,4.1,8.9,.459,0.9,2.9,.313,3.2,6.0,.530,.510,3.2,3.6,.875,0.6,1.6,2.3,3.1,0.3,0.2,2.0,1.7,12.3
378,Landry Shamet,SG,26,WAS,6,0,15.8,2.8,5.8,.486,1.5,4.0,.375,1.3,1.8,.727,.614,0.2,0.3,.500,0.2,1.2,1.3,1.2,0.8,0.2,0.5,1.8,7.3
379,Day'Ron Sharpe,C,22,BRK,11,0,14.0,2.7,4.7,.577,0.0,0.2,.000,2.7,4.5,.600,.577,1.6,2.5,.643,2.5,4.1,6.6,0.5,0.4,0.5,1.4,2.2,7.1
380,Shaedon Sharpe,SG,20,POR,10,9,39.6,6.5,15.3,.425,2.3,6.6,.348,4.2,8.7,.483,.500,4.2,5.2,.808,1.7,3.6,5.3,3.4,1.0,0.6,3.2,2.8,19.5
381,Ben Sheppard,SG,22,IND,3,0,10.7,1.7,4.0,.417,1.0,2.7,.375,0.7,1.3,.500,.542,0.0,0.0,,0.3,1.0,1.3,0.7,0.0,0.0,0.0,1.3,4.3
382,Pascal Siakam,PF,29,TOR,10,10,35.2,7.6,16.2,.469,1.2,4.8,.250,6.4,11.4,.561,.506,3.1,4.4,.705,1.2,6.1,7.3,4.8,0.9,0.1,2.7,2.5,19.5
383,Ben Simmons,PG,27,BRK,6,6,31.8,3.2,6.0,.528,0.0,0.0,,3.2,6.0,.528,.528,0.2,0.7,.250,2.7,8.2,10.8,6.7,0.5,0.8,2.5,2.7,6.5
384,Anfernee Simons,SG,24,POR,1,1,27.0,6.0,14.0,.429,2.0,6.0,.333,4.0,8.0,.500,.500,4.0,4.0,1.000,1.0,1.0,2.0,4.0,2.0,0.0,0.0,2.0,18.0
385,Jericho Sims,C,25,NYK,5,0,3.2,0.2,0.4,.500,0.0,0.0,,0.2,0.4,.500,.500,0.2,0.6,.333,0.2,1.4,1.6,0.2,0.0,0.0,0.0,0.2,0.6
386,Marcus Smart,PG,29,MEM,11,11,29.9,4.6,10.8,.429,1.6,5.5,.295,3.0,5.3,.569,.504,1.5,1.9,.810,0.3,2.2,2.5,5.0,2.0,0.4,3.4,3.2,12.5
387,Dennis Smith Jr.,PG,26,BRK,10,0,17.0,2.3,5.7,.404,0.6,1.7,.353,1.7,4.0,.425,.456,0.7,0.8,.875,0.8,1.5,2.3,3.0,0.7,0.2,1.1,2.3,5.9
388,Dru Smith,SG,26,MIA,7,0,18.1,2.1,4.6,.469,1.0,2.3,.438,1.1,2.3,.500,.578,0.3,0.3,1.000,0.9,1.0,1.9,2.0,1.1,0.4,0.7,1.6,5.6
389,Ish Smith,PG,35,CHO,4,0,12.5,0.8,1.8,.429,0.0,0.0,,0.8,1.8,.429,.429,0.0,0.0,,0.5,1.5,2.0,1.3,0.8,0.0,1.5,1.3,1.5
390,Jabari Smith Jr.,PF,20,HOU,9,9,28.1,5.0,10.3,.484,1.8,4.9,.364,3.2,5.4,.592,.570,0.6,1.0,.556,1.6,5.4,7.0,1.3,0.6,0.4,1.2,3.3,12.3
391,Jalen Smith,C,23,IND,9,0,16.1,4.3,6.1,.709,1.1,1.7,.667,3.2,4.4,.725,.800,1.2,1.7,.733,1.7,4.3,6.0,1.2,0.4,0.3,1.1,2.4,11.0
392,Nick Smith Jr.,SG,19,CHO,4,0,7.0,1.0,2.5,.400,0.8,1.5,.500,0.3,1.0,.250,.550,0.0,0.0,,0.0,0.5,0.5,0.5,0.3,0.0,0.3,0.3,2.8
393,Jeremy Sochan,PG,20,SAS,11,11,27.6,4.3,9.5,.452,0.7,1.7,.421,3.5,7.7,.459,.490,1.1,1.5,.706,1.4,3.8,5.2,4.5,0.9,0.4,2.5,3.3,10.4
394,Jaden Springer,SG,21,PHI,6,0,8.2,0.5,2.3,.214,0.0,0.5,.000,0.5,1.8,.273,.214,0.3,0.7,.500,0.7,0.7,1.3,0.8,0.2,0.7,0.7,1.5,1.3
395,Lamar Stevens,PF,26,BOS,3,0,5.7,1.3,2.3,.571,0.3,0.3,1.000,1.0,2.0,.500,.643,0.0,0.0,,1.3,0.3,1.7,0.7,0.3,0.0,1.0,1.0,3.0
396,Isaiah Stewart,PF,22,DET,12,12,33.0,4.6,9.7,.474,1.8,4.2,.420,2.8,5.5,.515,.565,1.4,2.0,.708,1.9,5.3,7.2,1.5,0.1,0.7,2.2,3.0,12.3
397,Julian Strawther,SF,21,DEN,8,0,9.9,2.0,4.5,.444,1.1,3.1,.360,0.9,1.4,.636,.569,0.0,0.3,.000,0.0,0.9,0.9,0.5,0.1,0.3,0.1,0.9,5.1
398,Max Strus,SF,27,CLE,10,10,34.9,5.1,11.9,.429,2.9,7.9,.367,2.2,4.0,.550,.550,1.2,1.4,.857,0.6,5.4,6.0,3.4,0.7,0.6,1.0,2.4,14.3
399,Jalen Suggs,SG,22,ORL,10,10,28.0,4.1,10.3,.398,1.5,4.4,.341,2.6,5.9,.441,.471,2.4,3.0,.800,1.0,3.3,4.3,2.7,2.1,0.6,1.9,2.7,12.1
400,Cole Swider,SF,24,MIA,1,0,2.0,2.0,3.0,.667,1.0,2.0,.500,1.0,1.0,1.000,.833,0.0,0.0,,0.0,1.0,1.0,0.0,0.0,0.0,0.0,0.0,5.0
401,Jae'Sean Tate,SF,28,HOU,9,0,20.3,2.6,5.1,.500,1.1,2.6,.435,1.4,2.6,.565,.609,0.6,0.8,.714,0.9,2.9,3.8,1.2,1.6,0.4,0.2,2.6,6.8
402,Jayson Tatum,PF,25,BOS,10,10,36.2,10.2,19.4,.526,3.5,8.8,.398,6.7,10.6,.632,.616,4.5,5.7,.789,0.6,8.3,8.9,3.9,1.2,0.2,2.7,2.3,28.4
403,Terry Taylor,PF,24,CHI,3,0,2.0,0.3,0.3,1.000,0.0,0.0,,0.3,0.3,1.000,1.000,0.0,0.0,,0.0,0.3,0.3,0.0,0.0,0.0,0.0,0.0,0.7
404,Garrett Temple,SG,37,TOR,3,0,3.0,0.7,1.0,.667,0.0,0.0,,0.7,1.0,.667,.667,0.7,0.7,1.000,0.0,0.3,0.3,0.0,0.3,0.0,0.0,0.0,2.0
405,Dalen Terry,SG,21,CHI,4,0,2.8,0.8,2.0,.375,0.3,1.0,.250,0.5,1.0,.500,.438,0.0,0.5,.000,0.0,1.0,1.0,0.8,0.0,0.0,0.3,0.3,1.8
406,Daniel Theis,C,31,IND,1,0,8.0,1.0,4.0,.250,0.0,1.0,.000,1.0,3.0,.333,.250,0.0,0.0,,0.0,0.0,0.0,0.0,0.0,0.0,0.0,1.0,2.0
407,Cam Thomas,SG,22,BRK,8,7,32.4,9.9,20.6,.479,2.1,6.6,.321,7.8,14.0,.554,.530,5.0,5.9,.851,0.3,3.5,3.8,2.1,0.9,0.6,1.3,1.9,26.9
408,Amen Thompson,SF,21,HOU,4,0,16.8,2.3,5.5,.409,0.5,2.8,.182,1.8,2.8,.636,.455,1.3,2.0,.625,0.3,2.5,2.8,1.5,0.5,0.3,1.5,2.3,6.3
409,Ausar Thompson,SF,21,DET,12,12,32.1,4.8,11.0,.432,0.3,2.3,.148,4.4,8.8,.505,.447,2.2,3.0,.722,3.9,6.4,10.3,3.7,1.3,1.9,2.2,3.3,12.0
410,Klay Thompson,SF,33,GSW,11,11,28.6,5.5,12.9,.423,2.4,6.9,.342,3.1,6.0,.515,.514,1.4,1.6,.833,0.6,2.9,3.5,1.8,0.4,0.5,1.8,2.3,14.6
411,Tristan Thompson,PF,32,CLE,8,0,10.1,1.0,1.4,.727,0.0,0.0,,1.0,1.4,.727,.727,0.5,0.9,.571,1.0,1.6,2.6,0.6,0.1,0.4,0.8,1.3,2.5
412,JT Thor,PF,21,CHO,10,1,19.9,1.8,4.6,.391,0.8,2.3,.348,1.0,2.3,.435,.478,0.0,0.4,.000,1.2,2.6,3.8,0.9,0.4,0.4,0.3,1.4,4.4
413,Matisse Thybulle,SF,26,POR,10,9,19.7,2.2,4.7,.468,1.5,3.9,.385,0.7,0.8,.875,.628,0.4,0.5,.800,0.2,1.1,1.3,1.0,0.9,0.7,0.5,1.1,6.3
414,Xavier Tillman Sr.,C,25,MEM,7,5,25.9,3.9,9.1,.422,1.0,2.9,.350,2.9,6.3,.455,.477,0.6,1.3,.444,2.0,4.7,6.7,2.4,1.6,0.9,1.4,2.9,9.3
415,Obi Toppin,PF,25,IND,11,11,22.7,4.5,7.4,.617,0.7,2.4,.308,3.8,5.0,.764,.667,1.3,1.5,.824,0.9,2.4,3.3,0.5,0.8,0.3,0.5,1.7,11.1
416,Karl-Anthony Towns,PF,28,MIN,10,10,33.5,7.7,17.0,.453,2.2,6.1,.361,5.5,10.9,.505,.518,3.0,3.3,.909,1.0,8.5,9.5,2.3,1.0,0.6,2.7,2.8,20.6
417,Gary Trent Jr.,SG,25,TOR,8,1,27.1,3.9,10.5,.369,1.9,5.3,.357,2.0,5.3,.381,.458,0.8,1.9,.400,0.5,2.0,2.5,0.9,1.0,0.1,1.0,1.3,10.4
418,P.J. Tucker,PF,38,TOT,9,3,17.8,0.7,1.9,.353,0.6,1.6,.357,0.1,0.3,.333,.500,0.3,0.3,1.000,1.4,2.3,3.8,0.4,0.7,0.3,0.3,2.3,2.2
419,P.J. Tucker,PF,38,PHI,3,3,22.0,0.7,1.7,.400,0.7,1.7,.400,0.0,0.0,,.600,0.0,0.0,,0.3,4.3,4.7,0.0,1.0,0.7,0.7,3.0,2.0
420,P.J. Tucker,PF,38,LAC,6,0,15.7,0.7,2.0,.333,0.5,1.5,.333,0.2,0.5,.333,.458,0.5,0.5,1.000,2.0,1.3,3.3,0.7,0.5,0.2,0.2,2.0,2.3
421,Myles Turner,C,27,IND,11,11,26.6,6.3,12.2,.515,1.9,4.8,.396,4.4,7.4,.593,.593,3.5,4.4,.792,1.5,6.0,7.5,1.5,0.5,1.7,1.6,3.5,17.9
422,Hunter Tyson,PF,23,DEN,4,0,2.8,0.3,0.8,.333,0.0,0.5,.000,0.3,0.3,1.000,.333,0.0,0.0,,0.0,0.8,0.8,0.0,0.0,0.0,0.0,1.0,0.5
423,Stanley Umude,SG,24,DET,8,0,7.8,0.9,2.0,.438,0.6,1.3,.500,0.3,0.8,.333,.594,1.0,1.1,.889,0.0,1.1,1.1,0.1,0.1,0.1,0.4,1.3,3.4
424,Jonas Valančiūnas,C,31,NOP,11,11,24.2,4.6,9.1,.510,0.9,2.3,.400,3.7,6.8,.547,.560,1.5,1.8,.850,1.7,6.5,8.2,2.0,0.3,1.5,1.5,2.5,11.7
425,Fred VanVleet,PG,29,HOU,9,9,35.9,5.9,15.3,.384,3.1,8.4,.368,2.8,6.9,.403,.486,2.3,2.7,.875,0.2,3.2,3.4,7.9,0.6,0.3,1.7,2.1,17.2
426,Devin Vassell,SG,23,SAS,9,8,28.9,6.2,12.6,.496,2.4,5.7,.431,3.8,6.9,.548,.593,2.4,3.3,.733,0.4,3.1,3.6,2.8,1.0,0.1,1.3,0.9,17.3
427,Sasha Vezenkov,PF,28,SAC,8,0,14.0,2.4,5.4,.442,1.4,3.8,.367,1.0,1.6,.615,.570,0.1,0.1,1.000,0.1,1.9,2.0,0.3,0.5,0.3,0.1,1.3,6.3
428,Gabe Vincent,PG,27,LAL,4,0,28.3,2.8,7.0,.393,0.3,3.5,.071,2.5,3.5,.714,.411,0.3,0.5,.500,0.5,0.5,1.0,3.0,1.5,0.0,0.5,2.5,6.0
429,Nikola Vučević,C,33,CHI,11,11,34.7,7.5,15.5,.485,1.1,3.4,.324,6.5,12.2,.530,.520,1.5,1.9,.762,3.0,7.9,10.9,2.9,1.0,0.6,1.6,2.8,17.6
430,Dean Wade,PF,27,CLE,9,3,17.2,1.1,3.1,.357,1.0,2.9,.346,0.1,0.2,.500,.518,0.2,0.4,.500,0.7,2.8,3.4,0.6,0.7,0.2,0.4,2.3,3.4
431,Franz Wagner,SF,22,ORL,10,10,33.8,6.9,16.5,.418,1.9,5.8,.328,5.0,10.7,.467,.476,3.1,3.7,.838,1.4,4.6,6.0,3.4,1.1,0.3,2.2,2.5,18.8
432,Moritz Wagner,C,26,ORL,10,0,19.0,4.7,7.2,.653,0.7,1.9,.368,4.0,5.3,.755,.701,2.1,2.6,.808,1.5,3.1,4.6,1.0,0.5,0.5,1.4,2.7,12.2
433,Ish Wainright,SF,29,POR,1,0,3.0,0.0,1.0,.000,0.0,1.0,.000,0.0,0.0,,.000,0.0,0.0,,0.0,0.0,0.0,0.0,1.0,0.0,0.0,1.0,0.0
434,Jabari Walker,SF,21,POR,10,0,14.5,2.2,4.7,.468,0.4,1.6,.250,1.8,3.1,.581,.511,1.1,1.3,.846,1.1,2.9,4.0,0.4,1.0,0.6,0.7,2.0,5.9
435,Jarace Walker,PF,20,IND,3,0,9.0,1.3,4.0,.333,0.0,0.7,.000,1.3,3.3,.400,.333,0.7,0.7,1.000,0.3,2.0,2.3,1.7,0.3,0.3,0.0,0.7,3.3
436,Lonnie Walker IV,SG,25,BRK,10,0,21.2,5.5,10.8,.509,2.3,5.0,.460,3.2,5.8,.552,.616,1.7,2.2,.773,0.1,2.8,2.9,2.1,0.7,0.5,1.2,0.9,15.0
437,Cason Wallace,SG,20,OKC,11,1,22.4,3.1,4.7,.654,1.0,1.8,.550,2.1,2.9,.719,.760,0.7,0.7,1.000,0.5,2.0,2.5,1.6,0.6,0.5,0.6,1.8,7.9
438,P.J. Washington,PF,25,CHO,10,10,33.0,6.9,14.3,.483,1.7,5.2,.327,5.2,9.1,.571,.542,1.7,2.3,.739,1.3,4.2,5.5,2.1,0.4,0.6,1.3,2.6,17.2
439,TyTy Washington Jr.,PG,22,MIL,1,0,3.0,1.0,2.0,.500,1.0,1.0,1.000,0.0,1.0,.000,.750,0.0,0.0,,0.0,0.0,0.0,0.0,0.0,0.0,1.0,0.0,3.0
440,Yuta Watanabe,SF,29,PHO,10,0,19.1,1.9,4.6,.413,1.4,3.7,.378,0.5,0.9,.556,.565,0.6,0.7,.857,0.6,2.2,2.8,0.5,0.4,0.3,1.0,1.9,5.8
441,Lindy Waters III,SG,26,OKC,5,0,5.8,0.4,1.2,.333,0.4,1.2,.333,0.0,0.0,,.500,0.0,0.0,,0.0,0.0,0.0,0.4,0.0,0.0,0.0,0.2,1.2
442,Trendon Watford,PF,23,BRK,6,0,12.3,2.3,4.3,.538,0.3,0.8,.400,2.0,3.5,.571,.577,1.0,1.0,1.000,1.0,2.5,3.5,2.0,0.7,0.2,1.0,1.8,6.0
443,Peyton Watson,SF,21,DEN,11,0,14.5,2.1,3.7,.561,0.4,1.2,.308,1.7,2.5,.679,.610,0.3,0.5,.500,0.3,1.5,1.7,0.6,0.5,1.0,0.5,1.3,4.8
444,Victor Wembanyama,PF,20,SAS,11,11,30.0,6.9,16.0,.432,1.5,5.5,.283,5.4,10.5,.509,.480,3.3,4.3,.766,2.1,7.2,9.3,2.5,1.0,2.4,3.9,2.5,18.6
445,Blake Wesley,SG,20,SAS,3,0,6.0,1.0,2.7,.375,0.0,0.3,.000,1.0,2.3,.429,.375,0.3,0.7,.500,0.3,0.3,0.7,1.0,0.0,0.3,0.3,0.7,2.3
446,Russell Westbrook,PG,35,LAC,10,10,30.7,6.0,12.9,.465,1.0,3.2,.313,5.0,9.7,.515,.504,1.0,1.7,.588,1.5,5.5,7.0,5.7,1.9,0.3,3.3,2.9,14.0
447,Coby White,PG,23,CHI,11,11,31.6,4.6,11.7,.395,1.8,5.7,.317,2.8,6.0,.470,.473,1.5,1.9,.810,0.3,2.7,3.0,4.4,1.1,0.3,1.5,2.5,12.6
448,Derrick White,SG,29,BOS,8,8,30.0,4.4,9.3,.473,2.1,5.1,.415,2.3,4.1,.545,.588,1.6,2.1,.765,0.9,2.9,3.8,4.5,1.0,1.1,1.3,2.1,12.5
449,Cam Whitmore,SF,19,HOU,3,0,7.7,1.0,3.0,.333,0.0,1.0,.000,1.0,2.0,.500,.333,0.3,0.7,.500,0.0,1.0,1.0,0.3,0.3,0.0,0.7,0.3,2.3
450,Aaron Wiggins,SG,25,OKC,9,0,10.7,1.6,3.0,.519,0.3,1.1,.300,1.2,1.9,.647,.574,0.3,0.4,.750,0.2,1.1,1.3,0.6,0.3,0.1,0.4,1.0,3.8
451,Andrew Wiggins,SF,28,GSW,12,12,26.1,4.3,10.8,.395,0.4,2.8,.152,3.8,8.0,.479,.415,1.5,3.0,.500,1.9,2.1,4.0,0.9,0.4,0.4,1.6,2.4,10.4
452,Grant Williams,PF,25,DAL,11,11,28.4,3.7,7.5,.500,2.7,5.3,.517,1.0,2.2,.458,.683,1.1,1.7,.632,0.7,2.7,3.5,1.0,0.3,0.7,0.9,2.6,11.3
453,Jalen Williams,PF,22,OKC,11,11,32.8,6.5,12.3,.526,1.1,3.0,.364,5.4,9.3,.578,.570,3.3,3.8,.857,0.3,3.7,4.0,3.5,0.7,0.3,2.3,3.1,17.3
454,Jaylin Williams,C,21,OKC,6,0,14.5,1.3,3.8,.348,0.7,2.5,.267,0.7,1.3,.500,.435,0.8,1.0,.833,0.3,3.3,3.7,1.5,0.7,0.3,0.5,2.2,4.2
455,Jeenathan Williams,SG,24,HOU,2,0,6.5,2.0,3.5,.571,0.0,1.0,.000,2.0,2.5,.800,.571,0.5,1.0,.500,0.0,0.0,0.0,0.5,0.5,0.0,0.0,0.0,4.5
456,Kenrich Williams,PF,29,OKC,1,0,15.0,4.0,7.0,.571,1.0,3.0,.333,3.0,4.0,.750,.643,0.0,0.0,,0.0,0.0,0.0,2.0,0.0,0.0,1.0,3.0,9.0
457,Mark Williams,C,22,CHO,10,10,25.1,5.8,7.8,.744,0.0,0.0,,5.8,7.8,.744,.744,2.8,4.0,.700,3.9,5.1,9.0,1.1,1.0,0.7,1.2,2.2,14.4
458,Patrick Williams,PF,22,CHI,11,5,23.0,2.1,6.3,.333,0.9,3.2,.286,1.2,3.1,.382,.406,1.0,1.3,.786,0.5,2.5,3.1,1.3,1.1,0.8,1.0,1.6,6.1
459,Robert Williams,C,26,POR,6,0,19.8,2.8,4.3,.654,0.0,0.0,,2.8,4.3,.654,.654,1.2,1.5,.778,1.8,4.5,6.3,0.8,1.2,1.2,1.2,2.8,6.8
460,Vince Williams Jr.,SG,23,MEM,4,0,8.0,0.5,2.0,.250,0.3,1.8,.143,0.3,0.3,1.000,.313,1.8,2.0,.875,0.0,1.3,1.3,1.0,0.3,0.8,0.5,1.0,3.0
461,Ziaire Williams,SF,22,MEM,10,8,25.6,3.0,8.5,.353,1.3,4.5,.289,1.7,4.0,.425,.429,1.0,1.1,.909,0.7,4.4,5.1,1.1,0.5,0.5,1.6,2.2,8.3
462,Zion Williamson,PF,23,NOP,9,9,31.0,8.6,16.6,.517,0.0,0.1,.000,8.6,16.4,.520,.517,4.2,7.1,.594,2.9,3.7,6.6,4.2,0.9,0.1,2.8,2.8,21.3
463,Jalen Wilson,PF,23,BRK,2,0,3.5,0.0,0.5,.000,0.0,0.0,,0.0,0.5,.000,.000,0.0,0.0,,0.0,0.5,0.5,0.0,0.0,0.5,0.0,0.0,0.0
464,Dylan Windler,SF,27,NYK,3,0,2.3,0.3,0.7,.500,0.3,0.7,.500,0.0,0.0,,.750,0.0,0.0,,0.0,0.3,0.3,0.3,0.0,0.0,0.0,0.3,1.0
465,James Wiseman,C,22,DET,5,0,10.4,2.6,4.4,.591,0.0,0.2,.000,2.6,4.2,.619,.591,0.2,0.4,.500,1.0,2.0,3.0,0.4,0.2,0.4,0.6,2.0,5.4
466,Christian Wood,PF,28,LAL,11,1,22.0,2.3,5.5,.417,1.0,2.7,.367,1.3,2.7,.467,.508,1.4,2.2,.625,1.2,5.3,6.5,1.0,0.3,0.7,1.5,2.0,6.9
467,Delon Wright,PG,31,WAS,8,0,17.6,1.4,3.8,.367,0.5,1.4,.364,0.9,2.4,.368,.433,1.8,2.0,.875,0.4,2.1,2.5,4.4,1.6,0.1,0.5,0.8,5.0
468,Thaddeus Young,PF,35,TOR,2,0,3.0,1.0,1.5,.667,0.0,0.0,,1.0,1.5,.667,.667,0.0,1.0,.000,0.5,0.5,1.0,1.5,0.0,0.0,0.0,0.0,2.0
469,Trae Young,PG,25,ATL,9,9,35.8,6.7,18.7,.357,2.2,7.6,.294,4.4,11.1,.400,.417,8.9,9.9,.899,0.8,2.1,2.9,10.2,1.6,0.0,4.2,1.4,24.4
470,Omer Yurtseven,C,25,UTA,7,0,4.6,1.0,1.4,.700,0.1,0.4,.333,0.9,1.0,.857,.750,0.1,0.3,.500,0.4,1.1,1.6,0.4,0.0,0.1,0.1,0.9,2.3
471,Cody Zeller,C,31,NOP,8,0,6.6,0.3,1.3,.200,0.0,0.0,,0.3,1.3,.200,.200,0.5,1.3,.400,0.9,1.6,2.5,1.0,0.1,0.0,0.3,0.6,1.0
472,Ivica Zubac,C,26,LAC,10,10,25.0,4.1,7.2,.569,0.0,0.0,,4.1,7.2,.569,.569,2.1,3.3,.636,3.0,5.4,8.4,0.7,0.2,1.6,1.4,3.3,10.3
