PLAYER_ID,RANK,PLAYER,TEAM_ID,TEAM,GP,MIN,FGM,FGA,FG_PCT,FG3M,FG3A,FG3_PCT,FTM,FTA,FT_PCT,OREB,DREB,REB,AST,STL,BLK,TOV,PF,PTS,EFF,AST_TOV,STL_TOV
1629029,1,Luka Doncic,1610612742,DAL,24,882,270,553,0.488,92,243,0.379,152,190,0.8,17,182,199,219,32,12,97,44,784,828,2.26,0.33
203507,2,Giannis Antetokounmpo,1610612749,MIL,25,869,293,474,0.618,10,43,0.233,189,284,0.665,68,206,274,124,36,29,96,72,785,876,1.29,0.38
203954,3,Joel Embiid,1610612755,PHI,22,746,251,470,0.534,24,71,0.338,226,254,0.89,66,191,257,132,25,42,84,60,752,877,1.57,0.3
1628983,4,Shai Gilgeous-Alexander,1610612760,OKC,23,804,258,476,0.542,24,74,0.324,167,183,0.913,21,106,127,148,62,18,47,56,707,781,3.15,1.32
203999,5,Nikola Jokic,1610612743,DEN,26,872,272,503,0.541,30,97,0.309,129,164,0.787,87,236,323,248,31,20,70,67,703,989,3.54,0.44
1628369,6,Jayson Tatum,1610612738,BOS,25,917,237,491,0.483,75,214,0.35,133,168,0.792,20,198,218,103,23,13,77,57,682,673,1.34,0.3
201939,7,Stephen Curry,1610612744,GSW,23,778,206,439,0.469,115,272,0.423,139,148,0.939,14,99,113,97,17,7,76,40,666,582,1.28,0.22
201142,8,Kevin Durant,1610612756,PHX,21,771,221,427,0.518,49,102,0.48,154,175,0.88,6,126,132,118,15,25,71,41,645,637,1.66,0.21
1629027,9,Trae Young,1610612737,ATL,23,825,201,470,0.428,78,206,0.379,164,188,0.872,14,53,67,248,31,4,96,39,644,605,2.58,0.32
1628973,10,Jalen Brunson,1610612752,NYK,25,889,224,472,0.475,77,168,0.458,112,141,0.794,18,79,97,147,29,1,55,56,637,579,2.67,0.53
1630178,11,Tyrese Maxey,1610612755,PHI,24,886,212,457,0.464,76,192,0.396,115,129,0.891,13,81,94,160,21,14,32,43,615,613,5.0,0.66
2544,12,LeBron James,1610612747,LAL,24,810,225,413,0.545,55,137,0.401,100,140,0.714,23,157,180,169,37,16,81,27,605,698,2.09,0.46
202695,13,Kawhi Leonard,1610612746,LAC,25,868,220,428,0.514,60,136,0.441,100,115,0.87,25,123,148,89,39,17,37,38,600,633,2.4,1.05
203081,14,Damian Lillard,1610612749,MIL,24,849,178,413,0.431,75,207,0.362,187,204,0.917,14,95,109,170,25,6,67,40,618,609,2.54,0.37
203076,15,Anthony Davis,1610612747,LAL,24,846,215,395,0.544,6,18,0.333,138,169,0.817,86,214,300,72,27,62,48,64,574,776,1.5,0.56
1630217,16,Desmond Bane,1610612763,MEM,23,797,211,451,0.468,77,203,0.379,74,86,0.86,26,82,108,119,30,16,68,74,573,526,1.75,0.44
1628378,16,Donovan Mitchell,1610612739,CLE,21,758,198,441,0.449,64,183,0.35,113,128,0.883,24,98,122,115,40,8,56,45,573,544,2.05,0.71
201942,18,DeMar DeRozan,1610612741,CHI,25,910,192,432,0.444,25,68,0.368,153,186,0.823,21,68,89,131,24,21,35,56,562,519,3.74,0.69
203944,19,Julius Randle,1610612752,NYK,25,875,203,441,0.46,40,132,0.303,114,154,0.74,53,183,236,133,16,6,83,66,560,590,1.6,0.19
1628398,19,Kyle Kuzma,1610612764,WAS,24,744,219,459,0.477,56,151,0.371,66,85,0.776,21,121,142,106,8,14,58,47,560,513,1.83,0.14
1630595,21,Cade Cunningham,1610612765,DET,26,891,207,490,0.422,47,149,0.315,96,109,0.881,12,88,100,183,24,6,104,71,557,470,1.76,0.23
1628969,21,Mikal Bridges,1610612751,BKN,25,873,200,418,0.478,56,143,0.392,101,117,0.863,26,115,141,93,24,12,62,41,557,531,1.5,0.39
1627742,23,Brandon Ingram,1610612740,NOP,24,802,212,427,0.496,33,102,0.324,97,121,0.802,13,102,115,127,16,5,67,50,554,511,1.9,0.24
202331,24,Paul George,1610612746,LAC,24,840,190,420,0.452,75,193,0.389,90,97,0.928,16,124,140,100,42,6,55,68,545,541,1.82,0.76
1628368,25,De'Aaron Fox,1610612758,SAC,18,639,190,400,0.475,58,150,0.387,104,142,0.732,16,63,79,115,25,5,46,50,542,472,2.5,0.54
1630169,26,Tyrese Haliburton,1610612754,IND,21,711,189,367,0.515,77,177,0.435,85,97,0.876,15,72,87,251,19,14,54,24,540,667,4.65,0.35
1626157,27,Karl-Anthony Towns,1610612750,MIN,24,796,194,376,0.516,49,114,0.43,100,111,0.901,37,192,229,73,22,17,70,80,537,615,1.04,0.31
1627759,28,Jaylen Brown,1610612738,BOS,24,814,210,440,0.477,55,161,0.342,60,83,0.723,16,97,113,84,28,17,58,69,535,466,1.45,0.48
1631094,29,Paolo Banchero,1610612753,ORL,25,840,194,404,0.48,33,86,0.384,105,155,0.677,35,136,171,110,26,14,82,53,526,505,1.34,0.32
1628991,30,Jaren Jackson Jr.,1610612763,MEM,24,763,180,406,0.443,40,127,0.315,124,148,0.838,37,100,137,43,18,45,45,86,524,472,0.96,0.4
1627783,31,Pascal Siakam,1610612761,TOR,25,862,199,396,0.503,25,94,0.266,100,135,0.741,38,130,168,124,22,5,60,55,523,550,2.07,0.37
1630162,32,Anthony Edwards,1610612750,MIN,21,705,178,398,0.447,52,132,0.394,101,119,0.849,15,96,111,107,28,9,67,40,509,459,1.6,0.42
1630567,33,Scottie Barnes,1610612761,TOR,25,872,190,390,0.487,51,132,0.386,74,101,0.733,66,156,222,143,41,31,61,51,505,654,2.34,0.67
1627749,34,Dejounte Murray,1610612737,ATL,25,859,191,428,0.446,55,150,0.367,62,72,0.861,19,92,111,138,39,8,52,39,499,496,2.65,0.75
1630532,34,Franz Wagner,1610612753,ORL,25,833,184,410,0.449,36,123,0.293,95,113,0.841,29,115,144,97,27,8,44,54,499,487,2.21,0.61
1629627,36,Zion Williamson,1610612740,NOP,22,677,196,336,0.583,2,7,0.286,100,154,0.649,46,84,130,101,24,7,55,56,494,507,1.84,0.44
202710,37,Jimmy Butler,1610612748,MIA,22,748,149,321,0.464,19,50,0.38,163,184,0.886,43,71,114,101,25,9,40,24,480,496,2.52,0.63
1629632,38,Coby White,1610612741,CHI,27,932,162,361,0.449,87,204,0.426,55,67,0.821,12,91,103,128,24,6,48,72,466,468,2.67,0.5
1641705,39,Victor Wembanyama,1610612759,SAS,24,732,170,390,0.436,34,121,0.281,81,103,0.786,58,205,263,65,32,71,81,63,455,563,0.8,0.4
1629008,40,Michael Porter Jr.,1610612743,DEN,27,848,174,369,0.472,75,195,0.385,30,40,0.75,43,174,217,41,13,20,31,57,453,508,1.32,0.42
1626164,41,Devin Booker,1610612756,PHX,16,564,148,306,0.484,32,78,0.41,122,133,0.917,16,78,94,133,11,7,49,55,450,477,2.71,0.22
203924,42,Jerami Grant,1610612757,POR,20,703,151,338,0.447,50,123,0.407,95,115,0.826,14,64,78,43,16,17,47,44,447,347,0.92,0.34
202696,43,Nikola Vucevic,1610612741,CHI,27,930,188,419,0.449,26,97,0.268,43,50,0.86,79,207,286,93,23,19,46,72,445,582,2.02,0.5
1627734,44,Domantas Sabonis,1610612758,SAC,24,841,170,296,0.574,12,31,0.387,92,138,0.667,82,213,295,167,23,16,74,79,444,699,2.26,0.31
1630578,45,Alperen Sengun,1610612745,HOU,23,742,182,346,0.526,16,55,0.291,74,110,0.673,57,149,206,120,22,21,60,74,454,563,2.0,0.37
1631101,46,Shaedon Sharpe,1610612757,POR,24,876,145,352,0.412,51,145,0.352,83,101,0.822,34,99,133,84,23,9,65,72,424,383,1.29,0.35
202699,47,Tobias Harris,1610612755,PHI,25,842,157,303,0.518,26,77,0.338,80,89,0.899,25,127,152,67,24,9,43,40,420,474,1.56,0.56
203992,48,Bogdan Bogdanovic,1610612737,ATL,24,671,151,325,0.465,82,200,0.41,35,38,0.921,10,71,81,61,35,7,29,63,419,397,2.1,1.21
1629636,49,Darius Garland,1610612739,CLE,20,680,151,321,0.47,36,104,0.346,76,91,0.835,12,43,55,118,32,4,76,31,414,362,1.55,0.42
1629640,50,Keldon Johnson,1610612759,SAS,24,792,151,325,0.465,49,136,0.36,58,75,0.773,30,121,151,101,24,7,38,59,409,463,2.66,0.63
1631096,51,Chet Holmgren,1610612760,OKC,24,718,145,278,0.522,36,98,0.367,80,92,0.87,41,153,194,57,20,64,46,69,406,550,1.24,0.43
1626167,52,Myles Turner,1610612754,IND,24,653,147,293,0.502,33,100,0.33,78,101,0.772,46,140,186,30,15,49,33,74,405,483,0.91,0.46
1626156,53,D'Angelo Russell,1610612747,LAL,25,753,153,320,0.478,52,134,0.388,43,56,0.768,9,71,80,161,21,12,47,53,401,448,3.43,0.45
1628374,54,Lauri Markkanen,1610612762,UTA,17,564,136,278,0.489,55,141,0.39,70,84,0.833,37,106,143,19,17,13,22,38,397,411,0.86,0.77
202685,55,Jonas Valanciunas,1610612740,NOP,27,742,153,270,0.567,20,54,0.37,69,87,0.793,66,196,262,66,13,36,37,86,395,600,1.78,0.35
202691,56,Klay Thompson,1610612744,GSW,24,728,132,326,0.405,71,193,0.368,58,64,0.906,15,78,93,52,11,12,43,52,393,318,1.21,0.26
1630224,57,Jalen Green,1610612745,HOU,23,708,136,331,0.411,46,138,0.333,90,112,0.804,8,93,101,74,10,8,52,34,408,332,1.42,0.19
1629673,57,Jordan Poole,1610612764,WAS,23,674,141,340,0.415,42,138,0.304,68,79,0.861,9,49,58,82,25,8,66,71,392,289,1.24,0.38
202681,59,Kyrie Irving,1610612742,DAL,17,541,146,310,0.471,43,112,0.384,56,62,0.903,10,57,67,88,20,5,23,31,391,378,3.83,0.87
203501,60,Tim Hardaway Jr.,1610612742,DAL,22,631,131,314,0.417,76,204,0.373,51,58,0.879,8,70,78,33,6,0,18,24,389,298,1.83,0.33
1630559,61,Austin Reaves,1610612747,LAL,26,765,133,282,0.472,43,120,0.358,75,87,0.862,25,100,125,128,24,2,61,36,384,441,2.1,0.39
1630560,62,Cam Thomas,1610612751,BKN,16,501,141,313,0.45,36,102,0.353,64,76,0.842,3,49,52,36,10,8,29,34,382,275,1.24,0.34
1629628,63,RJ Barrett,1610612752,NYK,20,586,131,305,0.43,37,105,0.352,82,97,0.845,14,64,78,49,9,6,33,28,381,301,1.49,0.27
203897,64,Zach LaVine,1610612741,CHI,18,635,132,298,0.443,43,128,0.336,71,82,0.866,6,82,88,61,17,4,36,37,378,335,1.69,0.47
203471,65,Dennis Schroder,1610612761,TOR,25,798,134,318,0.421,42,121,0.347,66,76,0.868,12,61,73,171,26,3,43,60,376,412,3.98,0.6
1629012,66,Collin Sexton,1610612762,UTA,26,571,128,270,0.474,32,96,0.333,84,95,0.884,23,48,71,86,14,4,49,46,372,345,1.75,0.29
1630175,67,Cole Anthony,1610612753,ORL,25,627,122,270,0.452,34,91,0.374,92,109,0.844,26,79,105,91,17,12,46,73,370,384,1.98,0.37
1630163,67,LaMelo Ball,1610612766,CHA,15,501,132,298,0.443,52,134,0.388,54,63,0.857,23,59,82,123,21,4,59,52,370,366,2.08,0.36
1631114,69,Jalen Williams,1610612760,OKC,21,680,139,278,0.5,21,59,0.356,68,77,0.883,8,76,84,76,18,7,38,59,367,366,2.0,0.47
1630170,70,Devin Vassell,1610612759,SAS,20,590,132,280,0.471,53,143,0.371,48,61,0.787,9,60,69,57,19,3,28,22,365,324,2.04,0.68
202704,71,Reggie Jackson,1610612743,DEN,27,704,143,295,0.485,47,115,0.409,28,39,0.718,10,51,61,123,19,7,42,56,361,366,2.93,0.45
204001,72,Kristaps Porzingis,1610612738,BOS,19,574,121,231,0.524,32,96,0.333,85,102,0.833,28,101,129,32,15,30,31,58,359,407,1.03,0.48
1628370,72,Malik Monk,1610612758,SAC,24,609,118,271,0.435,67,157,0.427,56,62,0.903,12,52,64,124,16,11,56,39,359,359,2.21,0.29
203915,74,Spencer Dinwiddie,1610612751,BKN,24,760,116,286,0.406,52,157,0.331,73,93,0.785,13,83,96,163,22,4,43,42,357,409,3.79,0.51
1628389,75,Bam Adebayo,1610612748,MIA,16,537,132,253,0.522,1,3,0.333,91,112,0.813,33,126,159,62,19,16,39,39,356,431,1.59,0.49
1629622,76,Max Strus,1610612739,CLE,26,899,127,308,0.412,71,200,0.355,29,36,0.806,21,122,143,100,24,14,39,77,354,408,2.56,0.61
1629130,77,Duncan Robinson,1610612748,MIA,24,712,125,261,0.479,75,172,0.436,28,35,0.8,7,57,64,73,11,3,31,55,353,330,2.35,0.35
1630193,78,Immanuel Quickley,1610612752,NYK,24,570,117,270,0.433,47,128,0.367,69,78,0.885,5,66,71,65,13,2,25,36,350,314,2.6,0.52
1626179,79,Terry Rozier,1610612766,CHA,15,539,128,271,0.472,40,105,0.381,51,59,0.864,8,43,51,107,17,6,35,30,347,342,3.06,0.49
1627832,80,Fred VanVleet,1610612745,HOU,22,835,120,311,0.386,66,173,0.382,60,70,0.857,8,85,93,185,24,13,36,40,366,444,5.14,0.67
1631170,81,Jaime Jaquez Jr.,1610612748,MIA,26,727,135,261,0.517,31,79,0.392,42,49,0.857,27,68,95,73,25,5,42,62,343,366,1.74,0.59
1628401,82,Derrick White,1610612738,BOS,22,712,110,229,0.48,54,129,0.419,63,71,0.887,16,71,87,112,29,22,40,48,337,420,2.8,0.72
1630596,83,Evan Mobley,1610612739,CLE,21,705,142,248,0.573,2,10,0.2,50,65,0.769,56,164,220,61,17,35,48,60,336,500,1.27,0.35
202330,84,Gordon Hayward,1610612766,CHA,22,719,129,277,0.466,21,58,0.362,56,73,0.767,24,84,108,104,26,10,44,42,335,374,2.36,0.59
1629631,85,De'Andre Hunter,1610612737,ATL,22,669,110,240,0.458,40,104,0.385,68,75,0.907,14,77,91,28,19,7,33,66,328,303,0.85,0.58
1641706,86,Brandon Miller,1610612766,CHA,22,705,123,283,0.435,45,114,0.395,35,44,0.795,20,70,90,51,15,12,36,63,326,289,1.42,0.42
201572,86,Brook Lopez,1610612749,MIL,26,797,127,257,0.494,47,134,0.351,43,53,0.811,36,89,125,37,20,77,24,70,344,439,1.54,0.83
201935,88,James Harden,1610612746,LAC,20,674,94,204,0.461,47,114,0.412,90,104,0.865,7,87,94,150,30,16,46,42,325,445,3.26,0.65
1629675,88,Naz Reid,1610612750,MIN,24,542,122,240,0.508,46,115,0.4,35,38,0.921,27,84,111,22,17,13,26,39,325,341,0.85,0.65
1628384,88,OG Anunoby,1610612761,TOR,21,691,123,256,0.48,53,136,0.39,26,38,0.684,21,68,89,53,22,13,36,50,325,321,1.47,0.61
1631097,91,Bennedict Mathurin,1610612754,IND,24,601,114,263,0.433,28,77,0.364,66,79,0.835,27,63,90,52,14,5,35,49,322,286,1.49,0.4
1626181,91,Norman Powell,1610612746,LAC,25,624,111,224,0.496,44,101,0.436,56,65,0.862,4,49,53,27,16,12,25,48,322,283,1.08,0.64
1628381,93,John Collins,1610612762,UTA,22,683,121,251,0.482,31,81,0.383,45,60,0.75,59,130,189,20,14,21,31,62,318,386,0.65,0.45
1628380,94,Zach Collins,1610612759,SAS,25,672,118,248,0.476,26,91,0.286,55,68,0.809,50,99,149,86,15,14,61,83,317,377,1.41,0.25
203903,95,Jordan Clarkson,1610612762,UTA,19,586,115,288,0.399,31,105,0.295,55,66,0.833,24,40,64,94,16,3,57,27,316,252,1.65,0.28
1630180,96,Saddiq Bey,1610612737,ATL,25,781,115,247,0.466,44,124,0.355,41,51,0.804,54,102,156,33,27,4,29,39,315,364,1.14,0.93
203994,97,Jusuf Nurkic,1610612756,PHX,25,708,115,243,0.473,17,61,0.279,66,91,0.725,72,175,247,96,25,29,50,88,313,507,1.92,0.5
1626171,98,Bobby Portis,1610612749,MIL,26,619,131,259,0.506,25,71,0.352,34,42,0.81,42,129,171,29,18,13,25,63,321,391,1.16,0.72
1631099,98,Keegan Murray,1610612758,SAC,20,647,113,256,0.441,50,140,0.357,34,40,0.85,30,84,114,35,25,8,20,53,310,323,1.75,1.25
203497,100,Rudy Gobert,1610612750,MIN,24,769,116,188,0.617,0,0,0.0,73,120,0.608,89,199,288,29,16,57,39,69,305,537,0.74,0.41
1629001,101,De'Anthony Melton,1610612755,PHI,25,732,99,254,0.39,55,147,0.374,50,62,0.806,20,80,100,88,39,13,32,65,303,344,2.75,1.22
1628415,101,Dillon Brooks,1610612745,HOU,23,727,118,250,0.472,42,107,0.393,43,51,0.843,18,66,84,38,22,1,46,92,321,280,0.83,0.48
1627741,103,Buddy Hield,1610612754,IND,24,612,112,256,0.438,65,174,0.374,11,13,0.846,17,58,75,62,20,15,36,45,300,290,1.72,0.56
203932,104,Aaron Gordon,1610612743,DEN,23,746,125,250,0.5,10,44,0.227,39,70,0.557,67,98,165,83,23,16,35,40,299,395,2.37,0.66
201569,104,Eric Gordon,1610612756,PHX,21,673,114,246,0.463,57,143,0.399,14,17,0.824,7,35,42,60,22,12,33,32,299,267,1.82,0.67
1627826,104,Ivica Zubac,1610612746,LAC,25,673,129,209,0.617,0,0,0.0,41,69,0.594,77,149,226,25,5,37,30,71,299,454,0.83,0.17
1630167,107,Obi Toppin,1610612754,IND,24,569,118,194,0.608,29,78,0.372,29,37,0.784,25,57,82,31,13,13,19,51,294,330,1.63,0.68
1628971,108,Bruce Brown,1610612754,IND,24,751,109,235,0.464,27,85,0.318,47,59,0.797,16,95,111,67,29,6,29,57,292,338,2.31,1.0
1629021,109,Moritz Wagner,1610612753,ORL,25,470,113,184,0.614,14,41,0.341,51,66,0.773,34,66,100,28,12,9,36,61,291,318,0.78,0.33
1627747,110,Caris LeVert,1610612739,CLE,19,568,107,255,0.42,32,101,0.317,43,58,0.741,10,59,69,66,20,9,28,33,289,262,2.36,0.71
203468,111,CJ McCollum,1610612740,NOP,14,456,103,224,0.46,44,104,0.423,38,46,0.826,10,46,56,72,20,11,20,29,288,298,3.6,1.0
1630591,112,Jalen Suggs,1610612753,ORL,23,603,100,214,0.467,39,102,0.382,48,58,0.828,14,68,82,57,39,14,45,65,287,310,1.27,0.87
1630228,112,Jonathan Kuminga,1610612744,GSW,24,496,105,220,0.477,17,56,0.304,60,87,0.69,24,61,85,23,14,8,32,60,287,243,0.72,0.44
1627736,112,Malik Beasley,1610612749,MIL,24,727,104,215,0.484,71,155,0.458,8,12,0.667,17,89,106,35,23,4,16,50,287,324,2.19,1.44
1630166,115,Deni Avdija,1610612764,WAS,24,644,111,219,0.507,23,66,0.348,39,46,0.848,28,104,132,96,19,8,35,49,284,389,2.74,0.54
1641722,116,Jordan Hawkins,1610612740,NOP,26,632,93,244,0.381,57,160,0.356,40,46,0.87,17,68,85,39,10,0,22,44,283,238,1.77,0.46
201950,117,Jrue Holiday,1610612738,BOS,23,793,109,245,0.445,40,102,0.392,24,29,0.828,38,114,152,106,19,21,46,40,282,393,2.3,0.41
201566,118,Russell Westbrook,1610612746,LAC,25,610,113,251,0.45,17,61,0.279,38,62,0.613,39,119,158,118,27,12,58,51,281,376,2.03,0.47
1629023,119,P.J. Washington,1610612766,CHA,21,626,106,245,0.433,40,122,0.328,28,39,0.718,23,84,107,50,15,19,30,58,280,291,1.67,0.5
1630581,120,Josh Giddey,1610612760,OKC,24,617,119,279,0.427,20,60,0.333,21,27,0.778,38,104,142,105,21,11,60,34,279,332,1.75,0.35
1627751,121,Jakob Poeltl,1610612761,TOR,25,668,125,171,0.731,0,0,0.0,28,55,0.509,73,140,213,56,19,29,39,69,278,483,1.44,0.49
203952,122,Andrew Wiggins,1610612744,GSW,23,613,107,258,0.415,20,73,0.274,43,66,0.652,44,56,100,25,7,8,42,56,277,201,0.59,0.17
203991,123,Clint Capela,1610612737,ATL,24,621,119,206,0.578,0,0,0.0,37,58,0.638,117,136,253,26,15,41,20,63,275,482,1.3,0.75
1631095,123,Jabari Smith Jr.,1610612745,HOU,23,695,113,235,0.481,36,100,0.36,29,39,0.744,41,159,200,41,13,18,29,74,291,402,1.41,0.45
1628970,123,Miles Bridges,1610612766,CHA,14,507,103,219,0.47,27,79,0.342,42,49,0.857,13,88,101,34,18,3,25,31,275,283,1.36,0.72
1627763,126,Malcolm Brogdon,1610612757,POR,17,460,98,234,0.419,34,89,0.382,43,56,0.768,15,47,62,94,14,3,28,23,273,269,3.36,0.5
1630529,127,Herbert Jones,1610612740,NOP,24,721,92,189,0.487,26,79,0.329,62,72,0.861,30,72,102,66,40,27,35,81,272,365,1.89,1.14
1628386,127,Jarrett Allen,1610612739,CLE,21,611,114,167,0.683,0,0,0.0,44,63,0.698,61,116,177,48,16,20,40,59,272,421,1.2,0.4
1629659,127,Talen Horton-Tucker,1610612762,UTA,26,580,102,254,0.402,32,101,0.317,36,45,0.8,12,59,71,109,27,11,49,56,272,280,2.22,0.55
203084,130,Harrison Barnes,1610612758,SAC,24,731,93,198,0.47,42,109,0.385,43,52,0.827,23,57,80,36,17,4,19,26,271,275,1.9,0.9
201144,131,Mike Conley,1610612750,MIN,24,706,91,202,0.45,53,124,0.427,35,37,0.946,10,62,72,148,23,2,24,42,270,378,6.17,0.96
1641709,132,Ausar Thompson,1610612765,DET,26,709,112,239,0.469,8,52,0.154,36,52,0.692,70,141,211,62,23,31,45,91,268,407,1.38,0.51
203967,132,Dario Saric,1610612744,GSW,25,533,93,200,0.465,41,105,0.39,41,50,0.82,42,109,151,56,16,6,31,62,268,350,1.81,0.52
1626145,132,Tyus Jones,1610612764,WAS,24,644,114,222,0.514,27,77,0.351,13,17,0.765,6,67,73,122,24,7,19,20,268,363,6.42,1.26
203484,135,Kentavious Caldwell-Pope,1610612743,DEN,25,822,91,202,0.45,36,89,0.404,46,51,0.902,10,38,48,63,36,11,30,51,264,276,2.1,1.2
1630557,136,Corey Kispert,1610612764,WAS,23,530,90,193,0.466,47,122,0.385,36,48,0.75,10,47,57,34,10,3,23,43,263,229,1.48,0.43
1641718,137,Keyonte George,1610612762,UTA,24,618,83,230,0.361,39,122,0.32,57,73,0.781,12,60,72,120,12,3,55,26,262,251,2.18,0.22
1631110,138,Jeremy Sochan,1610612759,SAS,25,724,101,243,0.416,20,58,0.345,38,50,0.76,37,95,132,101,17,7,58,69,260,305,1.74,0.29
1629661,139,Cameron Johnson,1610612751,BKN,18,522,96,211,0.455,44,113,0.389,22,27,0.815,29,67,96,49,14,3,21,33,258,279,2.33,0.67
1628989,139,Kevin Huerter,1610612758,SAC,23,597,96,224,0.429,51,140,0.364,15,19,0.789,15,83,98,66,18,7,17,54,258,298,3.88,1.06
1630191,141,Isaiah Stewart,1610612765,DET,25,758,95,209,0.455,33,90,0.367,33,42,0.786,45,126,171,35,7,15,43,66,256,318,0.81,0.16
1629028,142,Deandre Ayton,1610612757,POR,20,623,117,202,0.579,0,0,0.0,20,25,0.8,64,149,213,30,25,14,40,51,254,406,0.75,0.63
1630172,143,Patrick Williams,1610612741,CHI,27,718,92,210,0.438,33,88,0.375,36,49,0.735,33,81,114,39,26,25,32,50,253,294,1.22,0.81
1630174,144,Aaron Nesmith,1610612754,IND,22,539,93,175,0.531,41,93,0.441,25,39,0.641,21,44,65,21,19,13,14,75,252,260,1.5,1.36
1631093,144,Jaden Ivey,1610612765,DET,22,525,89,198,0.449,20,70,0.286,54,68,0.794,16,45,61,58,16,10,42,54,252,232,1.38,0.38
203114,146,Khris Middleton,1610612749,MIL,21,480,103,218,0.472,28,80,0.35,36,44,0.818,16,87,103,88,17,1,41,43,270,315,2.15,0.41
1629022,147,Lonnie Walker IV,1610612751,BKN,17,362,88,180,0.489,44,95,0.463,29,38,0.763,3,42,45,28,10,7,25,16,249,213,1.12,0.4
1628960,148,Grayson Allen,1610612756,PHX,20,664,83,167,0.497,46,96,0.479,35,39,0.897,16,72,88,56,15,9,30,48,247,297,1.87,0.5
1629652,149,Luguentz Dort,1610612760,OKC,23,650,79,179,0.441,38,95,0.4,50,61,0.82,31,63,94,28,21,18,22,70,246,274,1.27,0.95
200768,150,Kyle Lowry,1610612748,MIA,25,747,81,180,0.45,54,123,0.439,29,35,0.829,19,80,99,106,30,8,34,69,245,349,3.12,0.88
1627827,151,Dorian Finney-Smith,1610612751,BKN,23,688,91,192,0.474,56,127,0.441,4,6,0.667,48,72,120,28,15,15,21,50,242,296,1.33,0.71
1631109,151,Mark Williams,1610612766,CHA,19,508,98,151,0.649,0,0,0.0,46,64,0.719,76,108,184,22,16,20,17,50,242,396,1.29,0.94
1631128,153,Christian Braun,1610612743,DEN,27,550,93,193,0.482,19,49,0.388,35,46,0.761,22,82,104,49,11,9,21,46,240,281,2.33,0.52
1627884,154,Derrick Jones Jr.,1610612742,DAL,24,578,86,178,0.483,39,105,0.371,28,38,0.737,27,61,88,25,18,20,21,39,239,267,1.19,0.86
1630198,155,Isaiah Joe,1610612760,OKC,24,490,76,173,0.439,58,136,0.426,27,32,0.844,2,51,53,26,20,8,13,28,237,229,2.0,1.54
1628978,156,Donte DiVincenzo,1610612752,NYK,25,514,78,178,0.438,57,129,0.442,21,29,0.724,18,54,72,44,24,7,23,42,234,250,1.91,1.04
1627750,156,Jamal Murray,1610612743,DEN,13,378,86,189,0.455,29,70,0.414,33,36,0.917,5,36,41,78,7,9,25,28,234,238,3.12,0.28
1630573,156,Sam Hauser,1610612738,BOS,25,565,80,169,0.473,66,147,0.449,8,10,0.8,23,64,87,24,15,8,14,36,234,263,1.71,1.07
1627752,159,Taurean Prince,1610612747,LAL,24,723,85,192,0.443,45,117,0.385,14,20,0.7,7,57,64,39,19,10,21,50,229,227,1.86,0.91
1630165,160,Killian Hayes,1610612765,DET,25,660,91,214,0.425,18,59,0.305,28,40,0.7,9,68,77,110,26,15,27,48,228,294,4.07,0.96
1630168,161,Onyeka Okongwu,1610612737,ATL,25,608,86,152,0.566,11,36,0.306,44,52,0.846,64,108,172,36,11,22,18,71,227,376,2.0,0.61
1629018,162,Gary Trent Jr.,1610612761,TOR,22,543,83,218,0.381,41,115,0.357,19,32,0.594,5,36,41,32,14,2,13,22,226,154,2.46,1.08
1631103,163,Malaki Branham,1610612759,SAS,25,551,91,205,0.444,25,81,0.309,14,15,0.933,6,37,43,60,11,4,30,34,221,194,2.0,0.37
1630583,163,Santi Aldama,1610612763,MEM,18,466,86,194,0.443,30,91,0.33,19,31,0.613,28,78,106,38,13,14,21,34,221,251,1.81,0.62
1641731,165,Bilal Coulibaly,1610612764,WAS,23,620,82,153,0.536,30,69,0.435,25,40,0.625,17,80,97,39,26,16,39,42,219,272,1.0,0.67
1629684,166,Grant Williams,1610612742,DAL,22,655,72,171,0.421,49,123,0.398,21,32,0.656,24,57,81,37,8,12,20,61,214,222,1.85,0.4
1626224,167,Cedi Osman,1610612759,SAS,25,482,81,170,0.476,35,92,0.38,16,24,0.667,11,50,61,44,10,5,16,41,213,220,2.75,0.63
1626196,167,Josh Richardson,1610612748,MIA,21,577,78,176,0.443,29,91,0.319,28,31,0.903,11,45,56,63,12,5,23,37,213,225,2.74,0.52
1630552,169,Jalen Johnson,1610612737,ATL,15,449,85,143,0.594,17,40,0.425,25,33,0.758,20,89,109,36,17,15,30,33,212,293,1.2,0.57
1630541,169,Moses Moody,1610612744,GSW,25,470,77,159,0.484,27,76,0.355,31,42,0.738,33,55,88,25,18,7,18,37,212,239,1.39,1.0
1629655,171,Daniel Gafford,1610612764,WAS,21,523,88,128,0.688,0,0,0.0,34,51,0.667,56,98,154,37,13,44,24,72,210,377,1.54,0.54
1631323,171,Simone Fontecchio,1610612762,UTA,24,480,73,162,0.451,44,111,0.396,20,23,0.87,19,45,64,27,10,12,23,35,210,208,1.17,0.43
1628963,173,Marvin Bagley III,1610612765,DET,21,388,83,145,0.572,1,5,0.2,41,49,0.837,40,63,103,24,3,14,26,33,208,256,0.92,0.12
1641726,174,Dereck Lively II,1610612742,DAL,23,582,94,128,0.734,0,2,0.0,17,29,0.586,66,112,178,26,15,36,28,70,205,386,0.93,0.54
1631223,175,David Roddy,1610612763,MEM,24,588,80,195,0.41,25,86,0.291,17,25,0.68,25,80,105,30,16,9,22,36,202,217,1.36,0.73
1628997,176,Caleb Martin,1610612748,MIA,16,445,79,175,0.451,22,60,0.367,21,32,0.656,22,58,80,39,12,4,23,37,201,206,1.7,0.52
1626162,177,Kelly Oubre Jr.,1610612755,PHI,14,353,75,149,0.503,22,62,0.355,28,37,0.757,18,44,62,10,16,4,11,31,200,198,0.91,1.46
1631204,177,Marcus Sasser,1610612765,DET,25,420,76,157,0.484,31,74,0.419,17,19,0.895,3,40,43,67,17,4,21,34,200,227,3.19,0.81
1629060,177,Rui Hachimura,1610612747,LAL,17,409,77,155,0.497,19,51,0.373,27,35,0.771,12,52,64,22,12,5,16,28,200,201,1.38,0.75
1627777,180,Georges Niang,1610612739,CLE,26,577,73,185,0.395,37,109,0.339,14,15,0.933,10,88,98,32,7,2,17,59,197,206,1.88,0.41
1627936,181,Alex Caruso,1610612741,CHI,21,475,69,129,0.535,34,72,0.472,24,31,0.774,25,43,68,47,26,16,27,45,196,259,1.74,0.96
1629651,182,Nic Claxton,1610612751,BKN,16,435,86,134,0.642,1,1,1.0,22,35,0.629,51,99,150,23,7,37,13,41,195,338,1.77,0.54
1628404,183,Josh Hart,1610612752,NYK,25,695,78,167,0.467,26,72,0.361,12,17,0.706,27,113,140,70,24,6,22,48,194,318,3.18,1.09
101108,184,Chris Paul,1610612744,GSW,22,592,68,168,0.405,26,77,0.338,30,33,0.909,6,73,79,162,29,1,28,41,192,332,5.79,1.04
201567,184,Kevin Love,1610612748,MIA,20,380,61,143,0.427,38,104,0.365,32,39,0.821,19,116,135,49,8,2,14,37,192,283,3.5,0.57
1626220,184,Royce O'Neale,1610612751,BKN,24,668,65,166,0.392,55,138,0.399,7,12,0.583,19,101,120,78,19,18,22,65,192,299,3.54,0.86
1629639,187,Tyler Herro,1610612748,MIA,8,272,68,152,0.447,25,61,0.41,22,25,0.88,3,37,40,37,11,0,20,13,183,164,1.85,0.55
203482,188,Kelly Olynyk,1610612762,UTA,24,522,63,118,0.534,19,44,0.432,35,39,0.897,38,102,140,104,18,5,43,67,180,345,2.42,0.42
202692,189,Alec Burks,1610612765,DET,19,336,50,146,0.342,32,91,0.352,47,54,0.87,9,33,42,27,7,4,8,25,179,148,3.38,0.88
203957,189,Dante Exum,1610612742,DAL,22,355,70,125,0.56,18,42,0.429,21,30,0.7,13,49,62,54,11,4,14,30,179,232,3.86,0.79
1626174,191,Christian Wood,1610612747,LAL,24,485,63,136,0.463,17,61,0.279,34,55,0.618,24,119,143,23,5,14,29,40,177,239,0.79,0.17
1631133,191,Jabari Walker,1610612757,POR,24,433,67,147,0.456,12,48,0.25,31,41,0.756,38,81,119,17,18,9,21,51,177,229,0.81,0.86
1630245,193,Ayo Dosunmu,1610612741,CHI,25,523,68,142,0.479,23,65,0.354,17,24,0.708,12,39,51,48,18,4,21,45,176,195,2.29,0.86
1631105,193,Jalen Duren,1610612765,DET,14,404,80,127,0.63,0,2,0.0,16,28,0.571,47,106,153,35,8,19,38,48,176,294,0.92,0.21
1629048,195,Goga Bitadze,1610612753,ORL,23,494,69,116,0.595,1,5,0.2,34,48,0.708,52,93,145,41,16,38,19,56,173,333,2.16,0.84
1641739,195,Toumani Camara,1610612757,POR,24,614,65,162,0.401,20,75,0.267,23,33,0.697,48,64,112,27,21,13,25,70,173,214,1.08,0.84
1641717,197,Cason Wallace,1610612760,OKC,24,528,67,115,0.583,26,50,0.52,12,15,0.8,12,42,54,33,14,11,12,41,172,221,2.75,1.17
1630700,197,Dyson Daniels,1610612740,NOP,27,653,67,169,0.396,18,73,0.247,20,30,0.667,29,90,119,80,40,10,30,49,172,279,2.67,1.33
1629638,199,Nickeil Alexander-Walker,1610612750,MIN,24,571,63,153,0.412,36,99,0.364,9,15,0.6,11,38,49,60,20,17,28,46,171,193,2.14,0.71
1630534,200,Ochai Agbaji,1610612762,UTA,26,551,65,149,0.436,33,86,0.384,6,8,0.75,24,43,67,28,18,13,18,40,169,191,1.56,1.0
203937,201,Kyle Anderson,1610612750,MIN,24,563,65,140,0.464,2,19,0.105,36,52,0.692,18,71,89,98,20,20,36,37,168,268,2.72,0.56
1630703,202,Scoot Henderson,1610612757,POR,15,396,65,175,0.371,15,62,0.242,21,29,0.724,12,29,41,67,7,4,49,59,166,118,1.37,0.14
1628470,203,Torrey Craig,1610612741,CHI,27,572,59,139,0.424,29,76,0.382,18,23,0.783,50,80,130,28,17,10,16,68,165,249,1.75,1.06
203083,204,Andre Drummond,1610612741,CHI,27,354,64,128,0.5,0,1,0.0,36,60,0.6,78,104,182,15,26,9,27,45,164,281,0.56,0.96
201143,205,Al Horford,1610612738,BOS,22,574,63,128,0.492,29,78,0.372,8,8,1.0,37,115,152,59,10,21,20,37,163,320,2.95,0.5
1626166,205,Cameron Payne,1610612749,MIL,26,433,60,131,0.458,30,75,0.4,13,14,0.929,1,31,32,66,10,2,23,52,163,178,2.87,0.43
201568,207,Danilo Gallinari,1610612764,WAS,22,339,53,119,0.445,17,56,0.304,39,46,0.848,11,58,69,30,5,3,11,24,162,185,2.73,0.46
1630549,207,Day'Ron Sharpe,1610612751,BKN,25,393,66,123,0.537,0,6,0.0,30,49,0.612,63,107,170,28,9,20,29,57,162,284,0.97,0.31
1630533,207,Ziaire Williams,1610612763,MEM,22,441,57,150,0.38,24,74,0.324,24,27,0.889,14,74,88,29,10,5,26,39,162,172,1.11,0.39
1630692,210,Jordan Goodwin,1610612756,PHX,25,456,59,151,0.391,23,70,0.329,20,23,0.87,26,68,94,64,18,7,22,34,161,227,2.91,0.82
1630202,210,Payton Pritchard,1610612738,BOS,25,504,58,145,0.4,34,93,0.366,11,15,0.733,23,58,81,73,10,3,13,31,161,224,5.62,0.77
1630200,210,Tre Jones,1610612759,SAS,21,492,61,139,0.439,12,45,0.267,27,32,0.844,10,45,55,106,16,4,27,26,161,232,3.93,0.59
1641764,213,Brandin Podziemski,1610612744,GSW,19,402,62,137,0.453,23,55,0.418,13,21,0.619,29,65,94,48,15,4,27,35,160,211,1.78,0.56
1629014,214,Anfernee Simons,1610612757,POR,6,196,52,115,0.452,21,54,0.389,31,32,0.969,6,12,18,32,6,1,15,13,156,134,2.13,0.4
1629656,214,Quentin Grimes,1610612752,NYK,23,512,56,143,0.392,42,112,0.375,2,5,0.4,6,26,32,26,15,0,12,40,156,127,2.17,1.25
1630230,216,Naji Marshall,1610612740,NOP,18,362,51,108,0.472,23,51,0.451,30,37,0.811,20,58,78,45,15,5,22,26,155,212,2.04,0.68
1629680,217,Matisse Thybulle,1610612757,POR,24,565,55,119,0.462,38,93,0.409,6,8,0.75,10,38,48,26,37,18,18,27,154,199,1.44,2.06
1630208,217,Nick Richards,1610612766,CHA,18,370,57,80,0.713,0,0,0.0,40,49,0.816,33,80,113,8,7,24,19,48,154,255,0.42,0.37
1631117,217,Walker Kessler,1610612762,UTA,18,444,69,122,0.566,2,12,0.167,14,26,0.538,56,89,145,18,7,48,23,39,154,284,0.78,0.3
1630173,220,Precious Achiuwa,1610612761,TOR,19,344,61,132,0.462,12,39,0.308,19,31,0.613,37,76,113,40,11,8,26,34,153,216,1.54,0.42
1629234,221,Drew Eubanks,1610612756,PHX,24,410,61,103,0.592,2,2,1.0,28,33,0.848,33,70,103,30,6,25,28,47,152,241,1.07,0.21
203926,222,Doug McDermott,1610612759,SAS,23,382,51,114,0.447,40,88,0.455,8,10,0.8,4,23,27,37,8,2,14,27,150,145,2.64,0.57
1629006,222,Josh Okogie,1610612756,PHX,23,491,45,108,0.417,14,51,0.275,46,60,0.767,38,40,78,27,22,12,19,31,150,193,1.42,1.16
1629629,224,Cam Reddish,1610612747,LAL,21,503,51,121,0.421,18,54,0.333,29,34,0.853,12,46,58,27,29,7,14,36,149,181,1.93,2.07
1628392,224,Isaiah Hartenstein,1610612752,NYK,25,486,59,100,0.59,1,3,0.333,30,45,0.667,69,80,149,32,21,22,24,70,149,293,1.33,0.88
1628449,226,Chris Boucher,1610612761,TOR,23,326,49,111,0.441,15,45,0.333,35,45,0.778,27,57,84,8,8,14,11,38,148,179,0.73,0.73
203110,227,Draymond Green,1610612744,GSW,15,377,51,104,0.49,18,42,0.429,25,30,0.833,22,61,83,87,6,11,36,45,145,238,2.42,0.17
202711,228,Bojan Bogdanovic,1610612765,DET,7,213,49,100,0.49,20,50,0.4,26,34,0.765,3,13,16,18,9,0,13,9,144,115,1.39,0.69
1628988,229,Aaron Holiday,1610612745,HOU,21,377,53,117,0.453,26,60,0.433,11,13,0.846,6,33,39,40,11,3,11,39,143,159,3.64,1.0
203914,230,Gary Harris,1610612753,ORL,20,434,48,112,0.429,27,80,0.338,19,24,0.792,9,26,35,35,17,5,9,31,142,156,3.89,1.89
1630188,231,Jalen Smith,1610612754,IND,14,216,53,75,0.707,14,21,0.667,20,27,0.741,20,57,77,12,5,4,15,29,140,194,0.8,0.33
1631124,231,Julian Strawther,1610612743,DEN,24,330,49,130,0.377,29,85,0.341,13,18,0.722,1,34,35,27,11,5,8,35,140,124,3.38,1.38
204456,231,T.J. McConnell,1610612754,IND,18,277,63,123,0.512,1,10,0.1,13,18,0.722,10,37,47,84,18,3,22,20,140,205,3.82,0.82
201145,234,Jeff Green,1610612745,HOU,22,342,46,85,0.541,9,26,0.346,54,65,0.831,19,32,51,14,4,9,14,28,155,169,1.0,0.29
1631212,234,Peyton Watson,1610612743,DEN,25,410,55,111,0.495,8,29,0.276,21,32,0.656,15,42,57,25,13,23,16,42,139,174,1.56,0.81
1626172,236,Kevon Looney,1610612744,GSW,25,559,58,102,0.569,0,0,0.0,22,32,0.688,69,135,204,68,19,7,22,64,138,360,3.09,0.86
1630201,236,Malachi Flynn,1610612761,TOR,25,408,49,113,0.434,23,65,0.354,17,22,0.773,10,42,52,61,15,5,27,37,138,175,2.26,0.56
1630702,238,Jaden Hardy,1610612742,DAL,21,262,50,126,0.397,19,57,0.333,18,27,0.667,8,28,36,29,6,0,16,22,137,107,1.81,0.38
203935,238,Marcus Smart,1610612763,MEM,11,329,51,119,0.429,18,61,0.295,17,21,0.81,3,24,27,55,22,4,37,35,137,136,1.49,0.59
1629003,238,Shake Milton,1610612750,MIN,24,370,46,121,0.38,11,45,0.244,34,41,0.829,5,36,41,35,14,3,23,36,137,125,1.52,0.61
201565,241,Derrick Rose,1610612763,MEM,15,284,53,121,0.438,11,32,0.344,19,21,0.905,7,23,30,52,7,2,21,18,136,136,2.48,0.33
1641871,242,Duop Reath,1610612757,POR,16,250,46,111,0.414,23,68,0.338,19,21,0.905,17,28,45,20,10,5,10,30,134,137,2.0,1.0
1628975,242,Jevon Carter,1610612741,CHI,27,379,52,139,0.374,30,88,0.341,0,1,0.0,4,15,19,35,14,7,17,33,134,104,2.06,0.82
1630183,244,Jaden McDaniels,1610612750,MIN,14,329,58,104,0.558,14,38,0.368,3,4,0.75,8,22,30,15,7,5,13,45,133,130,1.15,0.54
1631106,244,Tari Eason,1610612745,HOU,16,324,57,118,0.483,15,34,0.441,15,24,0.625,30,85,115,19,12,16,15,31,144,221,1.27,0.8
1629011,246,Mitchell Robinson,1610612752,NYK,21,613,58,98,0.592,0,0,0.0,14,38,0.368,112,104,216,15,32,27,21,40,130,335,0.71,1.52
1629611,246,Terance Mann,1610612746,LAC,19,502,51,117,0.436,13,55,0.236,15,22,0.682,21,47,68,41,14,6,12,35,130,174,3.42,1.17
1629013,248,Landry Shamet,1610612764,WAS,15,253,48,101,0.475,24,60,0.4,5,11,0.455,2,19,21,22,9,2,9,31,125,111,2.44,1.0
1628426,248,Sasha Vezenkov,1610612758,SAC,21,297,47,108,0.435,25,68,0.368,6,8,0.75,12,44,56,11,10,6,7,24,125,138,1.57,1.43
1630182,250,Josh Green,1610612742,DAL,18,454,46,109,0.422,23,63,0.365,9,17,0.529,10,42,52,43,17,3,17,31,124,151,2.53,1.0
1630346,251,Matt Ryan,1610612740,NOP,13,298,38,83,0.458,32,68,0.471,13,14,0.929,5,25,30,14,5,1,16,24,121,109,0.88,0.31
1630171,252,Isaac Okoro,1610612739,CLE,17,409,44,91,0.484,14,36,0.389,18,27,0.667,21,34,55,26,17,7,13,39,120,156,2.0,1.31
1628972,252,Troy Brown Jr.,1610612750,MIN,20,320,40,88,0.455,23,61,0.377,17,20,0.85,12,43,55,23,6,2,10,17,120,145,2.3,0.6
1629614,254,Andrew Nembhard,1610612754,IND,17,308,52,114,0.456,9,37,0.243,6,9,0.667,9,20,29,70,15,1,22,33,119,147,3.18,0.68
1641710,254,Anthony Black,1610612753,ORL,23,448,46,92,0.5,11,34,0.324,16,28,0.571,15,43,58,37,9,8,21,47,119,152,1.76,0.43
1630194,254,Paul Reed,1610612755,PHI,25,347,53,92,0.576,4,10,0.4,9,12,0.75,42,64,106,26,10,14,24,51,119,209,1.08,0.42
1630570,254,Trendon Watford,1610612751,BKN,18,262,49,95,0.516,5,17,0.294,16,17,0.941,19,44,63,36,9,5,20,37,119,165,1.8,0.45
204060,258,Joe Ingles,1610612753,ORL,24,437,38,94,0.404,24,59,0.407,17,19,0.895,11,55,66,82,18,3,20,37,117,208,4.1,0.9
1628371,258,Jonathan Isaac,1610612753,ORL,18,247,40,89,0.449,12,44,0.273,25,31,0.806,20,57,77,5,16,20,10,22,117,170,0.5,1.6
1630543,260,Isaiah Jackson,1610612754,IND,16,226,48,70,0.686,0,1,0.0,20,28,0.714,26,49,75,16,10,24,9,48,116,202,1.78,1.11
1630699,260,MarJon Beauchamp,1610612749,MIL,22,368,44,91,0.484,17,39,0.436,11,18,0.611,14,42,56,18,7,4,17,36,116,130,1.06,0.41
203496,260,Robert Covington,1610612755,PHI,24,418,38,86,0.442,19,52,0.365,21,24,0.875,28,58,86,20,31,16,10,44,116,208,2.0,3.1
1628966,263,Keita Bates-Diop,1610612756,PHX,22,387,41,103,0.398,10,40,0.25,23,32,0.719,20,48,68,19,12,15,6,20,115,152,3.17,2.0
201976,263,Patrick Beverley,1610612755,PHI,25,428,41,96,0.427,16,51,0.314,17,26,0.654,20,49,69,58,14,6,16,44,115,182,3.63,0.88
1630598,265,Aaron Wiggins,1610612760,OKC,22,260,43,69,0.623,11,23,0.478,17,23,0.739,13,31,44,15,9,1,11,22,114,140,1.36,0.82
202687,266,Bismack Biyombo,1610612763,MEM,19,471,47,82,0.573,0,0,0.0,19,37,0.514,43,86,129,37,6,22,25,55,113,229,1.48,0.24
1630256,266,Jae'Sean Tate,1610612745,HOU,21,374,45,91,0.495,14,39,0.359,9,13,0.692,22,53,75,24,19,6,10,50,113,177,2.4,1.9
1630530,268,Trey Murphy III,1610612740,NOP,7,181,37,74,0.5,19,47,0.404,19,23,0.826,1,26,27,14,4,3,2,5,112,117,7.0,2.0
1630164,269,James Wiseman,1610612765,DET,16,217,48,69,0.696,0,1,0.0,15,22,0.682,21,43,64,11,4,10,14,37,111,158,0.79,0.29
201587,270,Nicolas Batum,1610612755,PHI,19,451,39,70,0.557,25,52,0.481,7,11,0.636,17,52,69,40,12,13,7,35,110,202,5.71,1.71
1626192,270,Pat Connaughton,1610612749,MIL,20,446,42,96,0.438,22,63,0.349,9,13,0.692,14,55,69,42,10,4,15,20,115,167,2.8,0.67
1630219,272,Skylar Mays,1610612757,POR,15,290,43,106,0.406,12,41,0.293,11,13,0.846,5,20,25,68,12,2,15,19,109,136,4.53,0.8
1641854,273,Craig Porter Jr.,1610612739,CLE,15,216,43,81,0.531,3,8,0.375,18,26,0.692,4,24,28,37,9,6,15,16,107,126,2.47,0.6
1630538,274,Bones Hyland,1610612746,LAC,13,210,39,96,0.406,19,52,0.365,9,10,0.9,2,13,15,25,7,0,19,22,106,76,1.32,0.37
202694,275,Marcus Morris Sr.,1610612755,PHI,18,236,40,79,0.506,19,35,0.543,5,5,1.0,7,40,47,12,6,7,6,29,104,131,2.0,1.0
201580,276,JaVale McGee,1610612758,SAC,22,188,46,68,0.676,0,1,0.0,11,20,0.55,26,43,69,9,5,11,22,27,103,144,0.41,0.23
1628464,277,Daniel Theis,1610612746,LAC,15,245,40,90,0.444,6,16,0.375,14,20,0.7,23,31,54,13,7,13,7,38,100,124,1.86,1.0
1629312,278,Haywood Highsmith,1610612748,MIA,16,348,36,84,0.429,16,50,0.32,11,14,0.786,10,32,42,24,17,11,15,34,99,127,1.6,1.13
1629642,279,Nassir Little,1610612756,PHX,18,282,35,72,0.486,14,41,0.341,14,16,0.875,12,33,45,15,9,8,8,23,98,128,1.88,1.13
1630631,280,Jose Alvarado,1610612740,NOP,13,227,33,79,0.418,19,44,0.432,12,20,0.6,6,28,34,29,16,5,14,19,97,113,2.07,1.14
1630577,280,Julian Champagnie,1610612759,SAS,18,242,32,85,0.376,25,64,0.391,8,11,0.727,6,22,28,15,7,12,13,16,97,90,1.15,0.54
1631121,282,Bryce McGowens,1610612766,CHA,19,314,32,70,0.457,15,38,0.395,16,22,0.727,6,28,34,15,7,2,9,28,95,100,1.67,0.78
1631108,282,Max Christie,1610612747,LAL,21,361,36,93,0.387,13,43,0.302,10,14,0.714,3,51,54,22,8,4,15,30,95,107,1.47,0.53
203552,284,Seth Curry,1610612742,DAL,20,244,33,83,0.398,19,47,0.404,9,10,0.9,10,21,31,19,11,3,6,17,94,101,3.17,1.83
203939,285,Dwight Powell,1610612742,DAL,22,314,27,38,0.711,1,1,1.0,38,47,0.809,28,40,68,30,9,9,9,41,93,180,3.33,1.0
1629731,286,Dean Wade,1610612739,CLE,19,390,29,75,0.387,24,68,0.353,9,12,0.75,23,59,82,17,18,4,8,42,91,155,2.13,2.25
1631246,287,Vince Williams Jr.,1610612763,MEM,16,277,26,58,0.448,18,46,0.391,19,23,0.826,11,55,66,20,6,9,11,36,89,143,1.82,0.55
203078,288,Bradley Beal,1610612756,PHX,6,151,31,69,0.449,9,21,0.429,17,24,0.708,3,17,20,19,4,2,14,13,88,74,1.36,0.29
1629139,288,Yuta Watanabe,1610612756,PHX,19,328,28,80,0.35,23,66,0.348,9,13,0.692,10,29,39,10,7,7,14,29,88,81,0.71,0.5
1628372,290,Dennis Smith Jr.,1610612751,BKN,13,229,34,80,0.425,7,22,0.318,12,14,0.857,11,28,39,45,11,3,12,28,87,125,3.75,0.92
1630537,291,Chris Duarte,1610612758,SAC,21,276,29,77,0.377,14,45,0.311,14,18,0.778,4,33,37,18,12,2,12,48,86,91,1.5,1.0
1631119,291,Jaylin Williams,1610612760,OKC,19,253,28,71,0.394,17,45,0.378,13,14,0.929,11,55,66,27,6,2,8,33,86,135,3.38,0.75
1627739,291,Kris Dunn,1610612762,UTA,18,248,36,78,0.462,8,22,0.364,6,10,0.6,9,32,41,49,10,2,22,27,86,120,2.23,0.46
1628418,294,Thomas Bryant,1610612748,MIA,17,205,35,65,0.538,0,3,0.0,15,18,0.833,19,45,64,10,6,5,13,22,85,124,0.77,0.46
1630214,294,Xavier Tillman,1610612763,MEM,12,245,36,87,0.414,8,27,0.296,5,14,0.357,17,35,52,20,18,9,11,21,85,113,1.82,1.64
1627780,296,Gary Payton II,1610612744,GSW,14,242,34,71,0.479,9,28,0.321,6,9,0.667,15,29,44,13,17,4,9,26,83,112,1.44,1.89
1630209,297,Omer Yurtseven,1610612762,UTA,18,227,35,68,0.515,3,13,0.231,6,8,0.75,30,57,87,13,4,10,19,31,79,139,0.68,0.21
1631115,297,Orlando Robinson,1610612748,MIA,12,210,31,59,0.525,7,12,0.583,10,14,0.714,18,40,58,23,5,7,13,28,79,127,1.77,0.39
1630192,299,Zeke Nnaji,1610612743,DEN,21,217,28,55,0.509,4,9,0.444,18,29,0.621,27,24,51,10,3,12,11,30,78,105,0.91,0.27
1630558,300,Davion Mitchell,1610612758,SAC,18,273,27,78,0.346,12,44,0.273,10,11,0.909,2,16,18,41,5,2,13,27,76,77,3.15,0.39
203200,300,Justin Holiday,1610612743,DEN,16,255,29,53,0.547,18,38,0.474,0,0,0.0,4,20,24,20,11,0,5,21,76,102,4.0,2.2
1626168,300,Trey Lyles,1610612758,SAC,11,216,25,61,0.41,14,45,0.311,12,19,0.632,11,53,64,16,1,4,9,23,76,109,1.78,0.11
1630649,303,Stanley Umude,1610612765,DET,15,155,20,44,0.455,14,27,0.519,21,23,0.913,3,25,28,8,4,5,10,24,75,84,0.8,0.4
1629637,304,Jaxson Hayes,1610612747,LAL,23,262,30,46,0.652,0,4,0.0,14,25,0.56,13,33,46,8,6,10,15,49,74,102,0.53,0.4
1631165,304,Keon Ellis,1610612758,SAC,17,228,24,53,0.453,16,44,0.364,10,15,0.667,6,20,26,23,10,6,13,23,74,92,1.77,0.77
1628436,304,Luke Kornet,1610612738,BOS,17,220,32,43,0.744,0,0,0.0,10,12,0.833,25,31,56,10,8,13,6,19,74,142,1.67,1.33
203109,307,Jae Crowder,1610612749,MIL,9,240,25,47,0.532,16,31,0.516,7,12,0.583,4,31,35,15,7,3,4,14,73,102,3.75,1.75
1629026,308,Kenrich Williams,1610612760,OKC,14,204,27,56,0.482,10,25,0.4,3,10,0.3,11,27,38,19,5,2,3,27,67,92,6.33,1.67
1630647,309,Eugene Omoruyi,1610612764,WAS,13,81,24,39,0.615,5,12,0.417,13,17,0.765,9,13,22,8,6,1,8,12,66,76,1.0,0.75
1630550,309,JT Thor,1610612766,CHA,21,340,27,76,0.355,12,41,0.293,0,4,0.0,16,38,54,10,6,8,6,26,66,85,1.67,1.0
1628379,309,Luke Kennard,1610612763,MEM,8,172,21,58,0.362,17,46,0.37,7,7,1.0,3,20,23,16,5,1,5,4,66,69,3.2,1.0
1629646,312,Charles Bassey,1610612759,SAS,19,205,29,40,0.725,0,1,0.0,5,6,0.833,23,53,76,21,8,17,15,31,63,158,1.4,0.53
1629002,312,Chimezie Metu,1610612756,PHX,15,157,24,49,0.49,8,23,0.348,7,10,0.7,6,23,29,6,6,5,6,18,63,75,1.0,1.0
1641711,312,Gradey Dick,1610612761,TOR,17,228,19,67,0.284,11,44,0.25,14,14,1.0,7,15,22,15,4,0,12,24,63,44,1.25,0.33
1629723,312,John Konchar,1610612763,MEM,19,335,23,63,0.365,13,39,0.333,4,6,0.667,20,55,75,27,14,13,8,19,63,142,3.38,1.75
1630587,316,Isaiah Livers,1610612765,DET,12,262,21,71,0.296,12,48,0.25,8,11,0.727,6,22,28,15,8,2,10,21,62,52,1.5,0.8
1631172,316,Ousmane Dieng,1610612760,OKC,15,164,21,49,0.429,12,35,0.343,8,10,0.8,6,20,26,14,1,0,6,9,62,67,2.33,0.17
1631260,318,AJ Green,1610612749,MIL,18,145,21,47,0.447,18,41,0.439,1,1,1.0,3,12,15,13,0,0,0,15,61,63,0.0,0.0
1627863,318,Danuel House Jr.,1610612755,PHI,14,163,20,46,0.435,10,26,0.385,11,14,0.786,7,13,20,14,5,1,9,12,61,63,1.56,0.56
1630531,318,Jaden Springer,1610612755,PHI,15,167,22,58,0.379,5,17,0.294,12,16,0.75,14,12,26,16,10,7,15,25,61,65,1.07,0.67
202684,318,Tristan Thompson,1610612739,CLE,21,210,27,37,0.73,0,0,0.0,7,17,0.412,29,38,67,14,2,8,10,19,61,122,1.4,0.2
202397,322,Ish Smith,1610612766,CHA,18,284,29,53,0.547,2,4,0.5,0,0,0.0,5,23,28,48,7,1,23,18,60,97,2.09,0.3
1628995,322,Kevin Knox II,1610612765,DET,10,150,23,48,0.479,10,26,0.385,4,5,0.8,5,19,24,5,5,2,9,14,60,61,0.56,0.56
1631367,324,Jacob Gilyard,1610612763,MEM,18,264,20,49,0.408,17,43,0.395,1,1,1.0,6,13,19,51,10,1,10,17,58,100,5.1,1.0
1628365,325,Markelle Fultz,1610612753,ORL,5,143,27,56,0.482,0,3,0.0,3,4,0.75,8,9,17,20,6,2,6,6,57,66,3.33,1.0
1631216,326,Caleb Houstan,1610612753,ORL,16,158,17,38,0.447,14,34,0.412,7,7,1.0,6,19,25,7,2,0,3,13,55,65,2.33,0.67
201599,326,DeAndre Jordan,1610612743,DEN,11,153,22,38,0.579,0,0,0.0,11,31,0.355,21,36,57,12,4,5,11,20,55,86,1.09,0.36
1630177,328,Theo Maledon,1610612756,PHX,13,200,19,66,0.288,5,30,0.167,11,12,0.917,4,19,23,28,7,0,15,18,54,49,1.87,0.47
1629670,329,Jordan Nwora,1610612754,IND,8,94,21,43,0.488,7,19,0.368,4,5,0.8,7,12,19,10,5,1,10,8,53,55,1.0,0.5
1628964,329,Mo Bamba,1610612755,PHI,14,89,20,37,0.541,5,10,0.5,8,11,0.727,17,18,35,4,1,10,7,13,53,76,0.57,0.14
1629669,331,Jaylen Nowell,1610612763,MEM,9,156,22,55,0.4,4,23,0.174,3,3,1.0,3,11,14,16,3,0,5,13,51,46,3.2,0.6
1641707,331,Taylor Hendricks,1610612762,UTA,8,149,18,46,0.391,9,27,0.333,6,8,0.75,8,13,21,4,8,5,6,10,51,53,0.67,1.33
1626204,333,Larry Nance Jr.,1610612740,NOP,14,211,21,42,0.5,3,11,0.273,4,8,0.5,18,40,58,10,9,4,13,19,49,92,0.77,0.69
1630241,334,Sam Merrill,1610612739,CLE,13,110,16,42,0.381,16,37,0.432,0,0,0.0,4,9,13,9,2,0,3,11,48,43,3.0,0.67
1630215,335,Jared Butler,1610612764,WAS,12,98,16,34,0.471,5,16,0.313,10,12,0.833,0,8,8,22,7,1,10,14,47,55,2.2,0.7
1628976,335,Wendell Carter Jr.,1610612753,ORL,5,147,17,45,0.378,5,16,0.313,8,14,0.571,11,32,43,8,3,2,8,14,47,61,1.0,0.38
1641748,337,Andre Jackson Jr.,1610612749,MIL,20,206,23,38,0.605,9,20,0.45,0,0,0.0,16,20,36,18,5,0,10,38,55,89,1.8,0.5
1630526,338,Jeremiah Robinson-Earl,1610612740,NOP,11,111,16,31,0.516,6,11,0.545,6,6,1.0,10,17,27,6,2,0,6,9,44,58,1.0,0.33
1631098,339,Johnny Davis,1610612764,WAS,14,128,19,40,0.475,1,3,0.333,4,5,0.8,8,11,19,5,7,1,5,10,43,48,1.0,1.4
1631218,339,Trayce Jackson-Davis,1610612744,GSW,15,115,14,26,0.538,0,0,0.0,15,25,0.6,14,12,26,6,3,8,6,19,43,58,1.0,0.5
1641767,341,Ben Sheppard,1610612754,IND,12,90,15,34,0.441,7,21,0.333,4,6,0.667,2,6,8,8,4,0,1,11,41,39,8.0,4.0
1641733,341,Nick Smith Jr.,1610612766,CHA,9,83,16,33,0.485,9,16,0.563,0,0,0.0,3,3,6,3,1,2,2,7,41,34,1.5,0.5
1629057,341,Robert Williams III,1610612757,POR,6,119,17,26,0.654,0,0,0.0,7,9,0.778,11,27,38,5,7,7,7,17,41,80,0.71,1.0
1626153,344,Delon Wright,1610612764,WAS,8,141,11,30,0.367,4,11,0.364,14,16,0.875,3,17,20,35,13,1,4,6,40,84,8.75,3.25
1630184,344,Kira Lewis Jr.,1610612740,NOP,13,131,15,47,0.319,2,17,0.118,8,9,0.889,3,8,11,18,5,1,6,8,40,36,3.0,0.83
1627732,346,Ben Simmons,1610612751,BKN,6,191,19,36,0.528,0,0,0.0,1,4,0.25,16,49,65,40,3,5,15,16,39,117,2.67,0.2
1630696,346,Dru Smith,1610612748,MIA,9,131,15,33,0.455,7,17,0.412,2,2,1.0,6,8,14,14,9,3,5,12,39,56,2.8,1.8
1631254,346,Kenneth Lofton Jr.,1610612763,MEM,15,99,14,37,0.378,3,10,0.3,8,15,0.533,2,13,15,14,3,3,6,15,39,38,2.33,0.5
1641738,346,Kobe Brown,1610612746,LAC,16,157,15,38,0.395,8,25,0.32,1,2,0.5,6,22,28,7,2,3,2,29,39,53,3.5,1.0
1629677,350,Luka Samanic,1610612762,UTA,11,79,16,39,0.41,4,17,0.235,2,2,1.0,3,21,24,3,1,2,6,8,38,39,0.5,0.17
1630544,350,Tre Mann,1610612760,OKC,8,85,16,32,0.5,5,13,0.385,1,1,1.0,3,14,17,12,3,0,7,3,38,47,1.71,0.43
1630264,352,Anthony Gill,1610612764,WAS,15,96,13,28,0.464,0,5,0.0,11,14,0.786,8,14,22,7,3,4,9,10,37,46,0.78,0.33
203469,352,Cody Zeller,1610612740,NOP,21,208,12,36,0.333,0,1,0.0,13,24,0.542,23,39,62,25,4,2,7,28,37,88,3.57,0.57
1631288,352,Jamal Cain,1610612748,MIA,8,113,13,29,0.448,4,15,0.267,7,11,0.636,5,7,12,1,6,2,2,6,37,36,0.5,3.0
202083,352,Wesley Matthews,1610612737,ATL,14,168,9,34,0.265,6,27,0.222,13,17,0.765,4,16,20,10,8,1,4,21,37,43,2.5,2.0
1627788,356,Furkan Korkmaz,1610612755,PHI,18,129,12,34,0.353,5,19,0.263,7,9,0.778,1,8,9,10,10,0,7,9,36,34,1.43,1.43
1641765,356,Olivier-Maxence Prosper,1610612742,DAL,15,120,11,30,0.367,5,20,0.25,9,14,0.643,6,19,25,9,1,1,1,8,36,47,9.0,1.0
1629599,358,Amir Coffey,1610612746,LAC,13,113,12,31,0.387,5,17,0.294,6,7,0.857,4,9,13,4,1,0,3,10,35,30,1.33,0.33
202722,358,Davis Bertans,1610612760,OKC,9,71,7,19,0.368,7,18,0.389,14,15,0.933,1,7,8,7,2,2,1,10,35,40,7.0,2.0
1631200,358,Kris Murray,1610612757,POR,13,144,12,37,0.324,8,24,0.333,3,5,0.6,8,15,23,7,10,2,1,10,35,49,7.0,10.0
203488,358,Mike Muscala,1610612764,WAS,12,146,12,32,0.375,5,20,0.25,6,8,0.75,5,19,24,11,2,4,8,12,35,46,1.38,0.25
1626158,358,Richaun Holmes,1610612742,DAL,13,133,14,28,0.5,0,0,0.0,7,15,0.467,18,28,46,7,1,6,9,20,35,64,0.78,0.11
1630625,363,Dalano Banton,1610612738,BOS,12,94,14,29,0.483,1,8,0.125,5,6,0.833,10,15,25,5,2,2,5,12,34,47,1.0,0.4
1628385,363,Harry Giles III,1610612751,BKN,5,36,14,23,0.609,1,5,0.2,5,7,0.714,5,5,10,1,1,1,1,4,34,35,1.0,1.0
1630540,363,Miles McBride,1610612752,NYK,16,79,13,25,0.52,7,16,0.438,1,2,0.5,1,3,4,8,6,0,0,10,34,39,0.0,0.0
1629726,366,Garrison Mathews,1610612737,ATL,13,125,11,23,0.478,11,23,0.478,0,0,0.0,2,10,12,2,5,0,3,16,33,37,0.67,1.67
1629667,367,Jalen McDaniels,1610612761,TOR,16,141,13,49,0.265,4,24,0.167,2,2,1.0,4,14,18,9,5,3,6,13,32,25,1.5,0.83
1631157,367,Ryan Rollins,1610612764,WAS,8,49,9,18,0.5,1,2,0.5,13,16,0.813,2,8,10,10,8,2,7,6,32,43,1.43,1.14
202693,369,Markieff Morris,1610612742,DAL,9,96,12,34,0.353,7,21,0.333,0,0,0.0,3,14,17,10,4,1,7,7,31,34,1.43,0.57
1631100,370,AJ Griffin,1610612737,ATL,12,110,10,34,0.294,8,25,0.32,2,2,1.0,2,10,12,4,1,0,4,6,30,19,1.0,0.25
1641716,370,Jarace Walker,1610612754,IND,8,84,12,28,0.429,3,11,0.273,3,3,1.0,1,11,12,11,4,3,3,11,30,41,3.67,1.33
203486,370,Mason Plumlee,1610612746,LAC,6,102,12,19,0.632,0,0,0.0,6,14,0.429,8,25,33,6,4,1,5,6,30,54,1.2,0.8
1641732,373,Colby Jones,1610612758,SAC,10,71,13,28,0.464,1,8,0.125,2,3,0.667,6,8,14,2,2,1,4,10,29,28,0.5,0.5
203995,373,Vasilije Micic,1610612760,OKC,9,114,10,29,0.345,5,17,0.294,4,6,0.667,0,5,5,27,2,0,10,6,29,32,2.7,0.2
1629618,375,Jalen Pickett,1610612743,DEN,12,77,10,21,0.476,6,15,0.4,2,2,1.0,1,9,10,8,3,0,6,7,28,32,1.33,0.5
1630231,375,KJ Martin,1610612755,PHI,15,106,12,27,0.444,1,6,0.167,3,6,0.5,5,11,16,9,8,1,5,16,28,39,1.8,1.6
203490,375,Otto Porter Jr.,1610612761,TOR,11,130,10,26,0.385,7,19,0.368,1,1,1.0,6,18,24,3,4,4,2,12,28,45,1.5,2.0
1641708,378,Amen Thompson,1610612745,HOU,5,77,10,24,0.417,2,12,0.167,5,8,0.625,3,13,16,7,2,1,6,10,27,30,1.17,0.33
203925,378,Joe Harris,1610612765,DET,10,119,10,30,0.333,7,23,0.304,0,0,0.0,2,6,8,7,2,1,3,14,27,22,2.33,0.67
1631217,378,Moussa Diabate,1610612746,LAC,9,55,9,18,0.5,0,0,0.0,9,12,0.75,14,5,19,4,4,0,2,4,27,40,2.0,2.0
1629111,381,Jock Landale,1610612745,HOU,15,131,10,28,0.357,2,10,0.2,4,4,1.0,12,15,27,8,4,3,8,12,26,42,1.0,0.5
1630322,381,Lindy Waters III,1610612760,OKC,9,70,9,22,0.409,8,21,0.381,0,0,0.0,1,5,6,6,0,1,0,6,26,26,0.0,0.0
1630639,383,A.J. Lawson,1610612742,DAL,8,53,10,24,0.417,3,14,0.214,2,4,0.5,2,2,4,3,0,1,1,2,25,16,3.0,0.0
1629717,383,Armoni Brooks,1610612751,BKN,7,64,9,27,0.333,7,19,0.368,0,0,0.0,4,8,12,3,0,1,1,1,25,22,3.0,0.0
1629052,383,Oshae Brissett,1610612738,BOS,11,108,7,21,0.333,2,10,0.2,9,14,0.643,9,15,24,4,4,0,4,13,25,34,1.0,1.0
1629216,386,Gabe Vincent,1610612747,LAL,4,113,11,28,0.393,1,14,0.071,1,2,0.5,2,2,4,12,6,0,2,10,24,26,6.0,3.0
1630556,386,Kessler Edwards,1610612758,SAC,19,105,9,24,0.375,5,15,0.333,1,2,0.5,3,12,15,5,2,2,1,9,24,31,5.0,2.0
1630572,386,Sandro Mamukelashvili,1610612759,SAS,10,68,8,20,0.4,3,11,0.273,5,6,0.833,6,8,14,10,2,1,4,9,24,34,2.5,0.5
1631222,389,Jake LaRavia,1610612763,MEM,7,87,10,28,0.357,2,16,0.125,1,2,0.5,3,5,8,5,1,0,4,15,23,14,1.25,0.25
1630579,389,Jericho Sims,1610612752,NYK,13,100,10,15,0.667,0,0,0.0,3,5,0.6,6,18,24,3,1,1,2,12,23,43,1.5,0.5
202709,391,Cory Joseph,1610612744,GSW,11,121,7,28,0.25,4,19,0.211,4,7,0.571,2,8,10,24,3,1,5,10,22,31,4.8,0.6
1630205,392,Lamar Stevens,1610612738,BOS,9,45,8,17,0.471,2,6,0.333,3,4,0.75,5,5,10,3,4,3,4,10,21,27,0.75,1.0
203493,392,Reggie Bullock Jr.,1610612745,HOU,11,93,7,20,0.35,6,17,0.353,1,1,1.0,2,11,13,3,1,1,2,7,21,24,1.5,0.5
1628981,394,Bruno Fernando,1610612737,ATL,7,33,8,16,0.5,0,1,0.0,4,6,0.667,5,7,12,1,0,1,4,5,20,20,0.25,0.0
1641715,394,Cam Whitmore,1610612745,HOU,5,32,7,15,0.467,1,5,0.2,5,10,0.5,1,7,8,2,1,0,2,2,20,16,1.0,0.5
1631221,394,Collin Gillespie,1610612743,DEN,10,81,8,19,0.421,3,12,0.25,1,1,1.0,0,3,3,8,5,0,4,9,20,21,2.0,1.25
1631169,394,Josh Minott,1610612750,MIN,11,27,8,14,0.571,0,5,0.0,4,6,0.667,1,2,3,1,0,1,0,4,20,17,0.0,0.0
200782,394,P.J. Tucker,1610612746,LAC,15,239,6,19,0.316,5,16,0.313,3,3,1.0,16,27,43,8,9,3,4,35,20,66,2.0,2.25
1629674,399,Neemias Queta,1610612738,BOS,5,65,7,15,0.467,0,0,0.0,4,5,0.8,10,13,23,1,2,3,3,9,18,35,0.33,0.67
1628467,400,Maxi Kleber,1610612742,DAL,5,90,4,16,0.25,3,9,0.333,6,10,0.6,4,17,21,10,1,1,4,8,17,30,2.5,0.25
1631116,400,Patrick Baldwin Jr.,1610612764,WAS,7,39,5,13,0.385,3,5,0.6,4,4,1.0,2,8,10,3,0,1,1,4,17,22,3.0,0.0
1631306,402,Cole Swider,1610612748,MIA,3,29,6,14,0.429,4,11,0.364,0,0,0.0,0,1,1,3,1,1,1,1,16,13,3.0,1.0
1629004,402,Svi Mykhailiuk,1610612738,BOS,9,65,6,18,0.333,4,15,0.267,0,0,0.0,1,4,5,1,3,0,4,4,16,9,0.25,0.75
203458,404,Alex Len,1610612758,SAC,6,41,6,8,0.75,0,1,0.0,3,7,0.429,7,9,16,5,1,5,2,2,15,34,2.5,0.5
1628984,404,Devonte' Graham,1610612759,SAS,5,52,4,12,0.333,2,8,0.25,5,7,0.714,1,2,3,16,2,1,2,3,15,25,8.0,1.0
1641793,406,D'Moi Hodge,1610612747,LAL,7,41,5,15,0.333,3,12,0.25,1,2,0.5,0,0,0,5,1,1,1,4,14,9,5.0,1.0
1631207,406,Dalen Terry,1610612741,CHI,11,68,5,16,0.313,2,10,0.2,2,4,0.5,3,9,12,8,1,3,3,10,14,22,2.67,0.33
1631220,406,Dereon Seabron,1610612740,NOP,5,52,4,13,0.308,1,2,0.5,5,6,0.833,1,6,7,4,2,1,0,4,14,18,0.0,0.0
1641720,406,Jalen Hood-Schifino,1610612747,LAL,5,52,4,18,0.222,1,8,0.125,5,10,0.5,1,5,6,4,0,1,4,7,14,2,1.0,0.0
1630547,406,James Bouknight,1610612766,CHA,2,12,5,8,0.625,4,7,0.571,0,0,0.0,1,1,2,0,0,0,0,1,14,13,0.0,0.0
1631107,406,Nikola Jovic,1610612748,MIA,4,48,4,12,0.333,3,7,0.429,3,4,0.75,1,22,23,9,1,0,5,9,14,33,1.8,0.2
1629643,412,Chuma Okeke,1610612753,ORL,12,56,5,15,0.333,3,10,0.3,0,0,0.0,3,9,12,3,1,0,3,0,13,16,1.0,0.33
1631197,412,Jared Rhoden,1610612765,DET,5,30,5,9,0.556,1,4,0.25,2,2,1.0,1,3,4,3,0,0,2,4,13,14,1.5,0.0
1630568,412,Luka Garza,1610612750,MIN,5,16,4,11,0.364,0,2,0.0,5,8,0.625,3,3,6,1,0,0,1,4,13,9,1.0,0.0
1631466,412,Nate Williams,1610612745,HOU,4,22,6,11,0.545,0,2,0.0,1,2,0.5,0,0,0,2,1,0,0,2,13,10,0.0,0.0
1630658,416,Colin Castleton,1610612747,LAL,4,28,5,8,0.625,0,0,0.0,2,2,1.0,3,4,7,3,0,0,0,5,12,19,0.0,0.0
1641734,416,Emoni Bates,1610612739,CLE,7,52,4,15,0.267,3,12,0.25,1,2,0.5,1,8,9,2,1,1,1,2,12,12,2.0,1.0
1630259,416,Jordan Ford,1610612758,SAC,6,22,4,7,0.571,2,3,0.667,2,2,1.0,0,2,2,2,0,0,1,0,12,12,2.0,0.0
1629650,416,Moses Brown,1610612757,POR,5,35,6,12,0.5,0,0,0.0,0,2,0.0,8,10,18,1,1,1,1,2,12,24,1.0,1.0
1630846,416,Olivier Sarr,1610612760,OKC,5,54,3,6,0.5,2,3,0.667,4,6,0.667,4,16,20,1,0,5,2,10,12,31,0.5,0.0
202066,421,Garrett Temple,1610612761,TOR,6,19,4,5,0.8,1,1,1.0,2,2,1.0,0,2,2,3,1,0,0,0,11,16,0.0,0.0
1630592,421,Jalen Wilson,1610612751,BKN,5,36,4,6,0.667,1,1,1.0,2,2,1.0,3,4,7,2,0,1,1,1,11,18,2.0,0.0
1641724,421,Jett Howard,1610612753,ORL,8,34,4,15,0.267,2,11,0.182,1,2,0.5,1,3,4,3,0,0,2,1,11,4,1.5,0.0
1641763,421,Julian Phillips,1610612741,CHI,15,69,5,17,0.294,0,8,0.0,1,4,0.25,2,8,10,6,1,0,2,9,11,11,3.0,0.5
1631131,421,Oscar Tshiebwe,1610612754,IND,3,17,4,8,0.5,0,0,0.0,3,4,0.75,2,3,5,2,0,0,0,1,11,13,0.0,0.0
1626246,426,Boban Marjanovic,1610612745,HOU,3,20,5,9,0.556,0,1,0.0,0,1,0.0,2,6,8,3,0,1,0,2,10,17,0.0,0.0
1631123,426,Jamaree Bouyea,1610612757,POR,6,57,5,21,0.238,0,8,0.0,0,0,0.0,2,8,10,8,0,0,8,3,10,4,1.0,0.0
1630240,426,Saben Lee,1610612756,PHX,4,11,4,7,0.571,0,1,0.0,2,2,1.0,2,1,3,3,0,1,0,1,10,14,0.0,0.0
1630235,426,Trent Forrest,1610612737,ATL,7,61,3,15,0.2,0,1,0.0,4,4,1.0,4,4,8,12,2,0,3,5,10,17,4.0,0.67
1627745,430,Damian Jones,1610612739,CLE,11,54,4,8,0.5,0,0,0.0,1,2,0.5,4,7,11,3,1,2,4,4,9,17,0.75,0.25
1630207,430,Nate Hinton,1610612745,HOU,4,16,3,6,0.5,3,3,1.0,0,0,0.0,1,2,3,0,0,0,0,2,9,9,0.0,0.0
201988,430,Patty Mills,1610612737,ATL,4,35,3,10,0.3,3,7,0.429,0,0,0.0,0,4,4,4,1,1,2,4,9,10,2.0,0.5
1630227,433,Daishen Nix,1610612750,MIN,6,21,3,8,0.375,2,5,0.4,0,2,0.0,0,1,1,0,1,0,0,0,8,3,0.0,0.0
1631230,433,Dominick Barlow,1610612759,SAS,7,35,3,7,0.429,0,0,0.0,2,4,0.5,0,5,5,0,1,0,0,2,8,8,0.0,0.0
1629162,433,Jordan McLaughlin,1610612750,MIN,8,32,2,5,0.4,2,3,0.667,2,2,1.0,0,0,0,7,1,3,0,2,8,16,0.0,0.0
203648,433,Thanasis Antetokounmpo,1610612749,MIL,11,54,4,9,0.444,0,0,0.0,0,0,0.0,3,3,6,4,2,1,5,7,8,11,0.8,0.4
1629678,437,Admiral Schofield,1610612753,ORL,8,28,3,10,0.3,1,6,0.167,0,2,0.0,0,5,5,2,0,0,4,6,7,1,0.5,0.0
1631104,437,Blake Wesley,1610612759,SAS,6,26,3,8,0.375,0,1,0.0,1,2,0.5,1,1,2,6,0,1,1,3,7,9,6.0,0.0
1641753,437,Chris Livingston,1610612749,MIL,5,21,3,4,0.75,1,1,1.0,0,0,0.0,1,4,5,1,1,0,1,2,7,12,1.0,1.0
1629610,437,DaQuan Jeffries,1610612752,NYK,9,27,3,9,0.333,1,5,0.2,0,2,0.0,0,5,5,2,0,0,1,1,7,5,2.0,0.0
1631303,437,Justin Minaya,1610612757,POR,6,38,2,6,0.333,2,4,0.5,1,2,0.5,4,1,5,0,0,1,1,2,7,7,0.0,0.0
1641778,437,Leaky Black,1610612766,CHA,5,25,3,6,0.5,1,2,0.5,0,0,0.0,0,3,3,3,2,3,1,1,7,14,3.0,2.0
1630197,443,Aleksej Pokusevski,1610612760,OKC,7,43,2,11,0.182,1,8,0.125,1,2,0.5,2,6,8,5,0,1,3,5,6,7,1.67,0.0
1631257,443,Jermaine Samuels Jr.,1610612745,HOU,5,29,2,4,0.5,0,2,0.0,2,2,1.0,1,6,7,2,0,1,0,3,6,14,0.0,0.0
1629623,443,Lindell Wigginton,1610612749,MIL,3,8,2,5,0.4,0,2,0.0,2,2,1.0,0,0,0,0,0,0,1,1,6,2,0.0,0.0
1641735,446,Amari Bailey,1610612766,CHA,2,11,2,6,0.333,0,2,0.0,1,2,0.5,2,0,2,0,0,0,1,0,5,1,0.0,0.0
1629020,446,Jarred Vanderbilt,1610612747,LAL,5,73,2,10,0.2,0,5,0.0,1,2,0.5,5,18,23,5,2,2,1,8,5,27,5.0,2.0
1641757,446,Jordan Miller,1610612746,LAC,3,12,2,3,0.667,1,1,1.0,0,0,0.0,0,1,1,0,0,0,1,2,5,4,0.0,0.0
1631311,446,Lester Quinones,1610612744,GSW,2,9,2,6,0.333,1,4,0.25,0,0,0.0,0,0,0,0,0,0,1,1,5,0,0.0,0.0
1641712,446,Rayan Rupert,1610612757,POR,7,31,1,12,0.083,1,6,0.167,2,4,0.5,1,0,1,2,2,0,2,1,5,-5,1.0,1.0
1641788,451,Alex Fudge,1610612747,LAL,4,14,1,6,0.167,0,2,0.0,2,2,1.0,2,0,2,0,0,0,1,1,4,0,0.0,0.0
1629626,451,Bol Bol,1610612756,PHX,6,15,2,3,0.667,0,1,0.0,0,0,0.0,0,3,3,0,0,1,2,1,4,5,0.0,0.0
1641926,451,Dexter Dennis,1610612742,DAL,2,7,2,6,0.333,0,3,0.0,0,1,0.0,1,1,2,0,0,0,0,0,4,1,0.0,0.0
1630604,451,E.J. Liddell,1610612740,NOP,3,9,1,4,0.25,0,3,0.0,2,2,1.0,0,2,2,0,0,1,1,1,4,3,0.0,0.0
1630611,451,Gui Santos,1610612744,GSW,2,12,2,4,0.5,0,1,0.0,0,0,0.0,2,2,4,1,0,0,2,2,4,5,0.5,0.0
1641771,451,Jalen Slawson,1610612758,SAC,5,19,2,3,0.667,0,1,0.0,0,0,0.0,0,4,4,2,0,1,2,3,4,8,1.0,0.0
1641877,451,Nathan Mensah,1610612766,CHA,2,41,1,4,0.25,0,0,0.0,2,2,1.0,5,10,15,1,0,0,3,9,4,14,0.33,0.0
1630678,451,Terry Taylor,1610612741,CHI,6,12,2,2,1.0,0,0,0.0,0,0,0.0,1,1,2,0,1,0,0,0,4,7,0.0,0.0
201152,451,Thaddeus Young,1610612761,TOR,4,13,2,4,0.5,0,0,0.0,0,2,0.0,1,2,3,3,0,0,1,0,4,5,3.0,0.0
1629660,451,Ty Jerome,1610612739,CLE,2,15,2,4,0.5,0,1,0.0,0,0,0.0,1,0,1,3,0,0,1,2,4,5,3.0,0.0
1630527,461,Brandon Boston Jr.,1610612746,LAC,1,5,1,3,0.333,1,3,0.333,0,0,0.0,0,2,2,2,0,0,0,1,3,5,0.0,0.0
1630296,461,Braxton Key,1610612743,DEN,6,15,1,5,0.2,0,2,0.0,1,2,0.5,0,3,3,5,0,0,0,3,3,6,0.0,0.0
1629685,461,Dylan Windler,1610612752,NYK,3,7,1,2,0.5,1,2,0.5,0,0,0.0,0,1,1,1,0,0,0,1,3,4,0.0,0.0
1630196,461,Filip Petrusev,1610612758,SAC,3,9,1,2,0.5,0,0,0.0,1,2,0.5,0,1,1,0,0,0,0,1,3,2,0.0,0.0
1641721,461,Maxwell Lewis,1610612747,LAL,11,52,1,9,0.111,1,3,0.333,0,0,0.0,1,2,3,3,2,0,5,2,3,-2,0.6,0.4
1630181,461,R.J. Hampton,1610612748,MIA,2,11,1,2,0.5,1,1,1.0,0,0,0.0,0,2,2,0,0,0,1,1,3,3,0.0,0.0
1631102,461,TyTy Washington Jr.,1610612749,MIL,2,6,1,3,0.333,1,2,0.5,0,0,0.0,0,1,1,0,1,0,2,0,3,1,0.0,0.5
203095,468,Evan Fournier,1610612752,NYK,1,16,1,6,0.167,0,4,0.0,0,0,0.0,0,1,1,1,1,0,0,2,2,0,0.0,0.0
1641816,468,Hunter Tyson,1610612743,DEN,8,20,1,4,0.25,0,3,0.0,0,0,0.0,0,5,5,1,0,0,0,5,2,5,0.0,0.0
1630600,468,Isaiah Mobley,1610612739,CLE,2,10,1,3,0.333,0,1,0.0,0,0,0.0,0,2,2,3,1,0,1,2,2,5,3.0,1.0
1630643,468,Jay Huff,1610612743,DEN,2,2,1,1,1.0,0,0,0.0,0,0,0.0,0,0,0,0,0,0,0,0,2,2,0.0,0.0
1630563,468,Joshua Primo,1610612746,LAC,1,5,1,2,0.5,0,1,0.0,0,0,0.0,0,0,0,0,0,1,3,0,2,-1,0.0,0.0
1631262,468,Jules Bernard,1610612764,WAS,2,10,1,5,0.2,0,3,0.0,0,0,0.0,1,0,1,1,0,0,1,1,2,-1,1.0,0.0
1631159,468,Leonard Miller,1610612750,MIN,3,6,1,2,0.5,0,0,0.0,0,0,0.0,0,6,6,1,0,0,0,1,2,8,0.0,0.0
1641806,468,Markquis Nowell,1610612761,TOR,1,4,0,1,0.0,0,0,0.0,2,2,1.0,2,0,2,2,1,0,0,0,2,6,0.0,0.0
201577,468,Robin Lopez,1610612749,MIL,6,19,0,3,0.0,0,2,0.0,2,2,1.0,0,0,0,2,0,1,1,3,2,1,2.0,0.0
1641754,468,Seth Lundy,1610612737,ATL,1,1,1,1,1.0,0,0,0.0,0,0,0.0,0,0,0,0,0,0,0,1,2,2,0.0,0.0
1627885,468,Shaquille Harrison,1610612763,MEM,3,6,1,2,0.5,0,0,0.0,0,0,0.0,0,2,2,0,0,1,0,0,2,4,0.0,0.0
201959,468,Taj Gibson,1610612752,NYK,2,8,1,3,0.333,0,2,0.0,0,0,0.0,1,0,1,0,1,0,0,0,2,2,0.0,0.0
1628962,468,Udoka Azubuike,1610612756,PHX,2,9,1,1,1.0,0,0,0.0,0,0,0.0,0,4,4,0,0,0,0,1,2,6,0.0,0.0
1629875,468,Xavier Moon,1610612746,LAC,2,12,1,2,0.5,0,1,0.0,0,0,0.0,0,2,2,3,0,0,1,1,2,5,3.0,0.0
1641727,482,Dariq Whitehead,1610612751,BKN,1,3,0,0,0.0,0,0,0.0,1,2,0.5,0,0,0,0,0,1,0,0,1,1,0.0,0.0
1641723,482,Kobe Bufkin,1610612737,ATL,2,4,0,3,0.0,0,1,0.0,1,2,0.5,1,1,2,0,0,0,0,0,1,-1,0.0,0.0
1641729,484,Brice Sensabaugh,1610612762,UTA,1,2,0,2,0.0,0,0,0.0,0,0,0.0,1,1,2,0,0,0,0,0,0,0,0.0,0.0
1629718,484,Charlie Brown Jr.,1610612752,NYK,1,2,0,1,0.0,0,1,0.0,0,0,0.0,0,0,0,0,0,0,2,0,0,-3,0.0,0.0
201980,484,Danny Green,1610612755,PHI,2,18,0,2,0.0,0,1,0.0,0,0,0.0,0,2,2,1,1,0,0,1,0,2,0.0,0.0
1641713,484,GG Jackson,1610612763,MEM,3,7,0,4,0.0,0,2,0.0,0,0,0.0,1,2,3,0,1,0,1,0,0,-1,0.0,1.0
1630535,484,Greg Brown III,1610612742,DAL,2,2,0,0,0.0,0,0,0.0,0,0,0.0,0,0,0,1,0,0,0,0,0,1,0.0,0.0
1630688,484,Ish Wainright,1610612757,POR,2,5,0,1,0.0,0,1,0.0,0,0,0.0,0,0,0,0,1,0,0,1,0,0,0.0,0.0
1631210,484,Jacob Toppin,1610612752,NYK,1,2,0,0,0.0,0,0,0.0,0,0,0.0,0,0,0,0,0,1,0,0,0,1,0.0,0.0
201949,484,James Johnson,1610612754,IND,1,3,0,0,0.0,0,0,0.0,0,0,0.0,0,2,2,0,0,0,0,1,0,2,0.0,0.0
1629010,484,Jerome Robinson,1610612744,GSW,1,5,0,2,0.0,0,0,0.0,0,0,0.0,1,1,2,0,0,0,0,0,0,0,0.0,0.0
1630548,484,Johnny Juzang,1610612762,UTA,1,4,0,2,0.0,0,2,0.0,0,0,0.0,0,0,0,1,0,0,0,0,0,-1,0.0,0.0
1629308,484,Juan Toscano-Anderson,1610612758,SAC,1,2,0,1,0.0,0,0,0.0,0,0,0.0,1,1,2,1,0,0,0,0,0,2,0.0,0.0
1629232,484,Kaiser Gates,1610612740,NOP,1,7,0,4,0.0,0,2,0.0,0,0,0.0,0,1,1,0,0,0,0,0,0,-3,0.0,0.0
1641749,484,Keyontae Johnson,1610612760,OKC,1,6,0,1,0.0,0,0,0.0,0,0,0.0,0,0,0,0,0,0,0,0,0,-1,0.0,0.0
1630608,484,Malcolm Cazalon,1610612765,DET,1,3,0,0,0.0,0,0,0.0,0,0,0.0,0,0,0,0,0,0,0,0,0,0,0.0,0.0
1629716,484,Marques Bolden,1610612749,MIL,2,3,0,0,0.0,0,0,0.0,0,0,0.0,0,2,2,0,0,0,0,1,0,2,0.0,0.0
1630695,484,Micah Potter,1610612762,UTA,2,7,0,1,0.0,0,1,0.0,0,0,0.0,0,4,4,0,0,0,0,0,0,3,0.0,0.0
1631243,484,Mouhamed Gueye,1610612737,ATL,2,4,0,1,0.0,0,1,0.0,0,0,0.0,0,0,0,0,1,0,0,1,0,0,0.0,0.0
1641730,484,Noah Clowney,1610612751,BKN,1,3,0,0,0.0,0,0,0.0,0,0,0.0,0,1,1,0,0,0,0,0,0,1,0.0,0.0
1641931,484,Onuralp Bitim,1610612741,CHI,1,3,0,0,0.0,0,0,0.0,0,0,0.0,0,0,0,0,0,0,0,0,0,0,0.0,0.0
1631199,484,Ron Harper Jr.,1610612761,TOR,1,4,0,0,0.0,0,0,0.0,0,0,0.0,0,0,0,1,0,0,0,2,0,1,0.0,0.0
1627853,484,Ryan Arcidiacono,1610612752,NYK,8,17,0,2,0.0,0,2,0.0,0,0,0.0,0,4,4,2,1,0,0,0,0,5,0.0,0.0
1631321,484,Sidy Cissoko,1610612759,SAS,1,4,0,0,0.0,0,0,0.0,0,0,0.0,0,0,0,0,0,0,1,0,0,-1,0.0,0.0
1631111,484,Wendell Moore Jr.,1610612750,MIN,5,12,0,2,0.0,0,2,0.0,0,0,0.0,0,1,1,1,0,0,0,1,0,0,0.0,0.0
